LanePointX,LanePointY
-1.454503,7.500000
-1.250687,7.500000
-1.044385,7.500000
-0.851768,7.500000
-0.657583,7.500000
-0.454488,7.500000
-0.250958,7.500000
-0.048904,7.500000
0.151771,7.500000
0.351006,7.500000
0.548877,7.500000
0.745143,7.500000
0.940143,7.500000
1.136057,7.500000
1.332611,7.500000
4.698826,7.500000
4.893549,7.500000
5.090903,7.500000
5.290755,7.500000
5.492456,7.500000
5.695447,7.500000
5.899697,7.500000
6.103699,7.500000
6.307153,7.500000
6.510661,7.500000
6.714257,7.500000
6.917364,7.500000
7.119997,7.500000
7.322826,7.500000
7.524793,7.500000
10.963868,7.47991756
54.198025,-20.240716
54.304589,-20.460751
54.411112,-20.683846
54.517133,-20.909125
54.623063,-21.137549
54.727925,-21.367081
54.832693,-21.599921
54.936937,-21.835198
56.470640,-25.841087
56.555869,-26.103696
56.638988,-26.365401
56.720861,-26.628914
56.796595,-26.883632
56.862755,-27.117931
56.927141,-27.343665
56.991509,-27.566800
57.055850,-27.788979
57.120205,-28.010901
57.184304,-28.231825
57.248245,-28.452169
57.312353,-28.673068
57.376312,-28.893449
57.440350,-29.114100
58.461809,-32.633627
58.525528,-32.853178
58.589130,-33.072324
58.652799,-33.291699
58.716347,-33.510662
58.779986,-33.729935
58.843541,-33.948921
58.907010,-34.167609
58.970579,-34.386639
59.034118,-34.605569
59.097631,-34.824408
59.161070,-35.042993
59.224424,-35.261284
59.287852,-35.479832
59.351337,-35.698576
60.364274,-39.188741
60.427559,-39.406793
60.490759,-39.624556
60.554117,-39.842860
60.617317,-40.060623
60.680667,-40.278902
60.743674,-40.495997
60.806836,-40.713628
60.870201,-40.931958
60.933222,-41.149101
60.996323,-41.366521
61.059557,-41.584400
61.122511,-41.801314
61.185601,-42.018696
61.248606,-42.235786
62.266695,-45.743702
62.331692,-45.967654
62.396811,-46.192027
62.462175,-46.417244
62.527498,-46.642320
62.592970,-46.867912
62.658363,-47.093228
62.723771,-47.318596
62.789401,-47.544733
62.854915,-47.770467
62.920429,-47.996202
62.986029,-48.222231
63.051364,-48.447349
63.116961,-48.673369
63.182228,-48.898252
64.226098,-52.495000
64.291386,-52.719953
64.356148,-52.943098
64.421243,-53.167390
64.486338,-53.391679
64.551393,-53.615833
64.616222,-53.839206
64.681089,-54.062712
64.741353,-54.277122
64.792423,-54.469738
64.842464,-54.654515
64.894072,-54.837223
64.946389,-55.014705
65.000463,-55.192249
65.055647,-55.368804
66.084541,-58.119740
66.157997,-58.287615
66.232445,-58.454833
66.307986,-58.621625
66.384500,-58.787730
66.462005,-58.953195
66.540857,-59.118771
66.620227,-59.282724
66.700917,-59.446732
66.782701,-59.610313
66.865323,-59.772967
66.949078,-59.935276
67.033718,-60.096763
67.119521,-60.257962
67.206191,-60.418313
68.725214,-62.898242
68.828113,-63.047484
68.931860,-63.195933
69.036687,-63.343920
69.142265,-63.490983
69.248994,-63.637676
69.356361,-63.783297
69.464498,-63.928035
69.573769,-64.072379
69.683929,-64.215999
69.794764,-64.358619
69.906698,-64.500788
70.019202,-64.641837
70.132857,-64.782497
70.247228,-64.922225
72.269396,-67.120752
72.428811,-67.279245
72.588973,-67.438679
72.749621,-67.598667
72.909874,-67.758288
73.070504,-67.918295
73.230777,-68.077949
73.391060,-68.237616
73.551461,-68.397399
73.711563,-68.556885
73.872056,-68.716762
74.032208,-68.876297
74.192103,-69.035578
74.352341,-69.195200
74.512337,-69.354580
77.070384,-71.902793
77.230326,-72.062120
77.389835,-72.221016
77.549527,-72.380093
77.709052,-72.539006
77.868782,-72.698122
78.028179,-72.856906
78.187532,-73.015646
78.347146,-73.174647
78.506272,-73.333161
78.665741,-73.492017
78.824856,-73.650520
78.984210,-73.809261
79.143290,-73.967729
79.302263,-74.126091
81.883425,-76.697330
82.051314,-76.864574
82.220081,-77.032692
82.390485,-77.202440
82.561852,-77.373149
82.734316,-77.544949
82.908336,-77.718300
83.083210,-77.892502
83.259376,-78.067991
83.436937,-78.244869
83.615581,-78.422826
83.795743,-78.602296
83.976716,-78.782573
84.158987,-78.964143
84.342910,-79.147359
87.413033,-82.205679
87.610588,-82.402474
87.808571,-82.599696
88.007158,-82.797520
88.205557,-82.995156
88.404226,-83.193061
88.603098,-83.391168
88.801960,-83.589266
89.000971,-83.787512
89.200207,-83.985982
89.399024,-84.184035
89.597861,-84.382107
89.796986,-84.580467
89.995731,-84.778447
90.194523,-84.976475
93.365998,-88.135757
93.563432,-88.332432
93.761030,-88.529271
93.959018,-88.726497
94.156361,-88.923081
94.354015,-89.119976
94.551354,-89.316556
94.748828,-89.513271
94.946720,-89.710402
95.144215,-89.907137
95.342144,-90.104306
95.539776,-90.301178
95.737496,-90.498137
95.935346,-90.695227
96.132917,-90.892039
99.286681,-94.033678
99.483565,-94.229805
99.680030,-94.425514
99.876951,-94.621678
100.073983,-94.817952
100.271524,-95.014734
100.469303,-95.211753
100.667832,-95.409519
100.866815,-95.607736
101.066548,-95.806701
101.266540,-96.005925
101.467770,-96.206381
101.669775,-96.407610
101.872552,-96.609607
102.076141,-96.812413
104.934484,-99.560571
105.115261,-99.712907
105.296883,-99.863490
105.479763,-100.012665
105.664079,-100.160567
105.848963,-100.306502
106.035113,-100.451032
106.222524,-100.594149
106.411240,-100.735881
106.601105,-100.876108
106.791299,-101.014234
106.983033,-101.151150
107.175304,-101.286138
107.369102,-101.419899
107.563739,-101.551950
111.140553,-103.634418
111.398601,-103.774706
111.656458,-103.914889
111.914432,-104.055136
112.172369,-104.195361
112.430419,-104.335648
112.688220,-104.475800
112.945712,-104.615783
113.203613,-104.755989
113.461212,-104.896031
113.718483,-105.035894
113.985718,-105.179046
114.278285,-105.332186
114.579574,-105.491173
114.883743,-105.654449
119.611257,-108.657220
119.893357,-108.864796
120.174395,-109.075034
120.452522,-109.286544
120.729582,-109.500711
121.005002,-109.717106
121.278746,-109.935704
121.550574,-110.156311
121.820363,-110.378818
122.088167,-110.603259
122.354732,-110.830264
122.618449,-111.058457
122.880623,-111.288947
123.141012,-111.521529
123.399710,-111.756289
127.265247,-115.766303
127.489146,-116.031990
127.710697,-116.299111
127.930215,-116.568040
128.147960,-116.839108
128.343554,-117.091806
128.527405,-117.332647
128.706940,-117.567649
128.884409,-117.799638
129.060787,-118.030090
129.236214,-118.259261
129.411569,-118.488328
129.586595,-118.716960
129.761120,-118.944939
129.936356,-119.173846
132.456937,-122.456583
132.604134,-122.631248
132.752515,-122.804498
132.902057,-122.976357
133.053136,-123.147270
133.205163,-123.316578
133.358484,-123.484678
133.512938,-123.651401
133.668859,-123.817108
133.826256,-123.981798
133.984263,-124.144573
134.144023,-124.306622
134.304629,-124.467016
134.466513,-124.626197
134.629818,-124.784302
137.390614,-127.125921
137.572099,-127.260383
137.754848,-127.393607
137.938084,-127.525030
138.122480,-127.655143
138.307640,-127.783667
138.493987,-127.910897
138.681066,-128.036522
138.869258,-128.160800
139.058409,-128.283628
139.247958,-128.404646
139.439017,-128.524569
139.630489,-128.642703
139.822789,-128.759314
140.016639,-128.874834
143.212066,-130.506551
143.417557,-130.595098
143.623749,-130.682080
143.830290,-130.767352
144.037913,-130.851216
144.245863,-130.933365
144.454143,-131.013807
144.663056,-131.092664
144.872622,-131.169942
145.082560,-131.245539
145.293564,-131.319703
145.504310,-131.391969
145.716166,-131.462813
145.928193,-131.531916
146.140581,-131.599348
149.592421,-132.453829
149.810726,-132.493082
150.029518,-132.530708
150.248318,-132.566624
150.467289,-132.600862
150.686035,-132.633365
150.905458,-132.664271
151.125288,-132.693532
151.344590,-132.721030
151.564424,-132.746903
151.784255,-132.771087
152.004244,-132.793602
152.224370,-132.814446
152.444737,-132.833629
152.664693,-132.851097
155.505379,-133.016265
155.686288,-133.011252
155.867216,-133.004296
156.048723,-132.995368
156.230793,-132.984448
156.412801,-132.971561
156.595297,-132.956662
156.777981,-132.939757
156.960573,-132.920868
157.143466,-132.899945
157.326554,-132.876988
157.509632,-132.852012
157.692956,-132.824971
157.875934,-132.795944
158.059225,-132.764822
160.955727,-131.990414
161.133098,-131.924847
161.309886,-131.857280
161.486187,-131.787670
161.661363,-131.716269
161.836309,-131.642712
162.010567,-131.567177
162.183421,-131.489980
162.356069,-131.410590
162.527180,-131.329613
162.697921,-131.246506
162.867818,-131.161484
163.036803,-131.074581
163.205483,-130.985470
163.372330,-130.894958
165.897920,-129.201002
166.045237,-129.080730
166.191179,-128.958868
166.335917,-128.835271
166.479324,-128.710038
166.621399,-128.583167
166.761703,-128.455055
166.900780,-128.325211
167.038342,-128.193898
167.174314,-128.061193
167.308740,-127.927057
167.441733,-127.791377
167.573169,-127.654279
167.703056,-127.515753
167.831772,-127.375386
169.657473,-124.962485
169.756709,-124.801738
169.854003,-124.640132
169.949444,-124.477532
170.043159,-124.313717
170.135043,-124.148858
170.224847,-123.983413
170.312880,-123.816825
170.398992,-123.649372
170.483291,-123.480841
170.565455,-123.311881
170.645766,-123.141937
170.724182,-122.971085
170.800654,-122.799431
170.875146,-122.627059
171.794881,-119.783192
171.835010,-119.601410
171.873107,-119.419099
171.909135,-119.236384
171.943114,-119.053228
171.975061,-118.869535
172.004961,-118.685385
172.032759,-118.501168
172.058489,-118.316742
172.082141,-118.132116
172.103716,-117.947273
172.123219,-117.762135
172.140606,-117.577128
172.155918,-117.391872
166.621762,-99.082926
166.545218,-98.778505
166.470797,-98.473323
166.398716,-98.168291
166.328761,-97.862520
166.261016,-97.556380
166.195477,-97.249857
166.132123,-96.942856
166.071013,-96.635681
166.012032,-96.327749
165.955330,-96.019849
165.900878,-95.711861
165.851824,-95.413422
165.810811,-95.139127
165.771279,-94.874772
165.144197,-90.773781
165.105100,-90.518339
165.066043,-90.263160
165.027039,-90.008322
164.988025,-89.753422
164.949025,-89.498618
164.909993,-89.243596
164.870997,-88.988819
164.832055,-88.734389
164.793073,-88.479695
164.754113,-88.225152
164.715088,-87.970179
164.676083,-87.715338
164.636990,-87.459924
164.597997,-87.205159
163.974915,-83.134226
163.936099,-82.880625
163.897247,-82.626783
163.858417,-82.373088
163.819609,-82.119534
163.780771,-81.865782
163.742061,-81.612866
163.703259,-81.359352
163.664440,-81.105727
163.625605,-80.851997
163.586759,-80.598199
163.547825,-80.343819
163.509047,-80.090463
163.470168,-79.836443
163.431378,-79.583011
162.809612,-75.520677
162.770745,-75.266736
162.731784,-75.012186
162.692988,-74.758709
162.654079,-74.504497
162.615208,-74.250533
162.576323,-73.996474
162.537465,-73.742591
162.498570,-73.488471
162.459645,-73.234153
162.420721,-72.979842
162.381811,-72.725619
162.342898,-72.471384
162.303957,-72.216958
162.265031,-71.962631
161.641183,-67.886695
161.602156,-67.631712
161.563132,-67.376750
161.524053,-67.121426
161.484942,-66.865895
161.445874,-66.610639
161.406845,-66.355640
161.367811,-66.100609
161.328849,-65.846051
161.289799,-65.590916
161.250739,-65.335720
161.211657,-65.080375
161.172566,-64.824973
161.133404,-64.569102
161.094335,-64.313847
160.470723,-60.239450
160.431804,-59.985173
160.392950,-59.731321
160.354112,-59.477568
160.315305,-59.224025
160.276471,-58.970302
160.237571,-58.716142
160.198826,-58.463005
160.159997,-58.209308
160.121233,-57.956047
160.082472,-57.702797
160.043719,-57.449603
160.004966,-57.196411
159.966219,-56.943257
159.927498,-56.690273
159.309513,-52.652637
159.270994,-52.400976
159.232484,-52.149367
159.193991,-51.897875
159.155489,-51.646321
159.116965,-51.394620
159.078502,-51.143319
159.040104,-50.892445
159.001652,-50.641219
158.963235,-50.390217
158.924806,-50.139143
158.886406,-49.888252
158.847970,-49.637130
158.809620,-49.386572
158.771258,-49.135927
158.158908,-45.135119
158.120733,-44.885701
158.082569,-44.636356
158.044433,-44.387191
158.006313,-44.138132
157.968178,-43.888972
157.930076,-43.640031
157.891911,-43.390682
157.853804,-43.141706
157.815751,-42.893086
157.777726,-42.644649
157.739668,-42.395997
157.701625,-42.147440
157.663612,-41.899083
157.625590,-41.650663
157.018784,-37.686072
156.981033,-37.439422
156.943218,-37.192359
156.905419,-36.945396
156.867604,-36.698332
156.829825,-36.451500
156.792093,-36.204977
156.754306,-35.958091
156.716584,-35.711637
156.678827,-35.464948
156.641116,-35.218561
156.603453,-34.972488
156.565742,-34.726103
156.528041,-34.479780
156.490366,-34.233629
155.888847,-30.303583
155.851274,-30.058097
155.813678,-29.812462
155.776062,-29.566701
155.738495,-29.321255
155.700947,-29.075929
155.663382,-28.830498
155.625841,-28.585220
155.588254,-28.339647
155.550626,-28.093802
155.513039,-27.848227
155.475412,-27.602387
155.437825,-27.356816
155.400216,-27.111091
155.362594,-26.865288
154.762660,-22.945595
154.725253,-22.701197
154.687890,-22.457079
154.650468,-22.212585
154.612966,-21.967561
154.575423,-21.722273
154.537822,-21.476609
154.500138,-21.230396
154.462287,-20.983098
154.424332,-20.735117
154.386206,-20.486019
154.347965,-20.236172
154.309468,-19.984648
154.270838,-19.732255
154.231921,-19.477990
153.574561,-15.183101
153.531305,-14.900487
153.487733,-14.615807
153.438743,-14.312572
153.387927,-13.996754
153.337712,-13.673848
153.288888,-13.346506
153.241456,-13.015685
153.195489,-12.682435
153.151036,-12.347158
153.108050,-12.009359
153.066682,-11.670044
153.026979,-11.329447
152.988887,-10.987000
152.952497,-10.643274
152.618609,-5.024096
152.614015,-4.669761
152.611383,-4.315978
152.610702,-3.962179
152.611972,-3.608485
152.615194,-3.254746
152.620364,-2.901235
152.627480,-2.547897
152.636544,-2.194590
152.647552,-1.841436
152.660496,-1.488589
152.675374,-1.136043
152.692218,-0.783070
152.711031,-0.429763
152.731658,-0.078797
153.219005,5.121194
153.251165,5.429670
153.283312,5.738007
153.315427,6.046043
153.347567,6.354315
153.379693,6.662455
153.411799,6.970408
153.443894,7.278245
153.475989,7.586090
153.508077,7.893866
153.540146,8.201456
153.572203,8.508940
153.604238,8.816202
153.636307,9.123795
153.668345,9.431088
154.179675,14.335564
154.211545,14.641241
154.243432,14.947089
154.275294,15.252695
154.307146,15.558206
154.338991,15.863657
154.370817,16.168918
154.402646,16.474203
154.434463,16.779378
154.466271,17.084471
154.498073,17.389506
154.529887,17.694647
154.561649,17.999299
154.593419,18.304020
154.625186,18.608719
154.993536,22.940117
155.004203,23.203886
155.013458,23.468020
155.021289,23.732233
155.027687,23.996264
155.032662,24.260389
155.036210,24.524395
155.038332,24.788199
155.039033,25.052081
155.038311,25.315799
155.036170,25.579382
155.032611,25.842820
155.027632,26.106347
155.021235,26.369805
155.013430,26.632834
154.697244,30.823226
154.665633,31.083280
154.632614,31.343281
154.598265,31.602623
154.562461,31.862275
154.525327,32.121297
154.486824,32.380017
154.446905,32.638727
154.405636,32.897012
154.363005,33.154954
154.319014,33.412552
154.273665,33.669813
154.226931,33.926882
154.178839,34.183619
154.129412,34.439908
153.127989,39.057340
153.064031,39.349913
152.999987,39.642874
152.936088,39.935175
152.872145,40.227679
152.808217,40.520109
152.744308,40.812456
152.680417,41.104719
152.616545,41.396899
152.552695,41.688974
152.488798,41.981268
152.425039,42.272929
152.361200,42.564952
152.297458,42.856536
152.233654,43.148402
151.215952,47.803796
151.152508,48.094015
151.089075,48.384182
151.025662,48.674261
150.962245,48.964358
150.898865,49.254282
150.835508,49.544105
150.772204,49.833683
150.708882,50.123344
150.645517,50.413201
150.582260,50.702567
150.518981,50.992030
150.455765,51.281206
150.392540,51.570423
150.329290,51.859757
149.320320,56.475203
149.255902,56.767100
149.188226,57.070311
149.120256,57.378657
149.052799,57.689377
148.986127,58.001450
148.920433,58.314101
148.855847,58.626762
148.792264,58.939955
148.729756,59.253350
148.668356,59.566787
148.608031,59.880427
148.548794,60.194200
148.490669,60.507977
148.433600,60.822050
147.669037,65.857145
147.630534,66.172083
147.593080,66.487349
147.556711,66.802648
147.521416,67.118079
147.487216,67.433445
147.454120,67.748647
147.422090,68.064020
147.391139,68.379447
147.361275,68.694839
147.332464,69.010549
147.304752,69.326072
147.278159,69.641158
147.252612,69.956614
147.228150,70.272008
146.982934,75.315124
146.976707,75.630086
146.971550,75.944858
146.967460,76.259431
146.964434,76.573978
146.962473,76.888282
146.961572,77.202921
146.961735,77.516751
146.962957,77.830946
146.965240,78.145033
146.968582,78.459069
146.972982,78.772934
146.978444,79.086959
146.984961,79.400711
146.992529,79.714156
147.255656,84.743286
147.282467,85.076051
147.311876,85.410176
147.343703,85.744828
147.377850,86.079614
147.414264,86.414239
147.452931,86.748642
147.493882,87.083120
147.537014,87.416828
147.582372,87.750176
147.629928,88.082985
147.679703,88.415407
147.731749,88.747795
147.785947,89.079377
147.842362,89.410585
149.040558,94.634743
149.133669,94.955889
149.228828,95.276110
149.326207,95.595983
149.425598,95.914831
149.527094,96.232966
149.630709,96.550432
149.736336,96.866912
149.844106,97.182802
149.953917,97.497803
150.065763,97.811910
150.179683,98.125239
150.295646,98.437708
150.413610,98.749211
150.533667,99.059996
152.724359,103.901115
152.877942,104.195229
153.033083,104.487599
153.190318,104.779250
153.350819,105.073947
153.517549,105.378084
153.688684,105.684506
153.863748,105.991137
154.041681,106.295683
154.223111,106.599074
154.407905,106.900997
154.595616,107.200692
154.786610,107.498734
154.980745,107.794893
155.177944,108.089124
158.711978,112.504122
158.961155,112.770081
159.216830,113.038900
159.476522,113.306496
159.739443,113.571550
160.005230,113.833531
160.273622,114.092147
160.544898,114.347661
160.818506,114.599567
161.094522,114.847967
161.373100,115.093023
161.654028,115.334568
161.937183,115.572524
162.223366,115.807572
162.511134,116.038544
167.402950,119.254481
167.724525,119.424730
168.047759,119.591307
168.372542,119.754164
168.698960,119.913351
169.026909,120.068825
169.356197,120.220506
169.687105,120.368530
170.019295,120.512752
170.352909,120.653243
170.688063,120.790054
171.024366,120.923029
171.362141,121.052303
171.700583,121.177577
172.040418,121.299136
177.606022,122.721626
177.959791,122.777563
178.313869,122.829575
178.668582,122.877712
179.023608,122.921931
179.378972,122.962238
179.734643,122.998633
180.090693,123.031124
180.446756,123.059680
180.803022,123.084323
181.159473,123.105053
181.516429,123.121883
181.872607,123.134760
182.229393,123.143743
182.585978,123.148805
188.251858,122.699918
188.601708,122.638957
188.950253,122.574266
189.298360,122.505689
189.645332,122.433362
189.991585,122.357203
190.336848,122.277267
190.681136,122.193556
191.024485,122.106058
191.366818,122.014794
191.708000,121.919799
192.047917,121.821109
192.386633,121.718710
192.724118,121.612612
193.060558,121.502753
198.236681,119.256965
198.545441,119.086950
198.852527,118.913400
199.157248,118.736707
199.459952,118.556677
199.760842,118.373186
200.059049,118.186768
200.355667,117.996745
200.650073,117.803501
200.942106,117.607149
201.231900,117.407601
201.519323,117.204952
201.804372,116.999207
202.087393,116.790110
202.367877,116.578034
206.375721,112.886067
206.598109,112.637752
206.818379,112.386577
207.036311,112.132759
207.251698,111.876518
207.464734,111.617603
207.675139,111.356329
207.882868,111.092743
208.088064,110.826686
208.290993,110.557959
208.490961,110.287596
208.688702,110.014753
208.883641,109.740315
209.076212,109.463709
209.265751,109.185906
211.928437,104.523446
217.961224,70.437373
217.968884,70.180206
217.976542,69.923095
217.984196,69.666102
217.991856,69.408928
217.999498,69.152363
218.007155,68.895265
218.014818,68.637998
218.022485,68.380589
218.030150,68.123226
218.037811,67.866020
218.045471,67.608822
218.053132,67.351625
218.175716,63.235933
218.183389,62.978333
218.191061,62.720754
218.198727,62.463356
218.206399,62.205770
218.214068,61.948290
218.221717,61.691480
218.229375,61.434358
218.237033,61.177248
218.244698,60.919902
218.252345,60.663184
218.259994,60.406347
218.267662,60.148916
218.275308,59.892214
218.282970,59.634944
218.405656,55.515851
218.413321,55.258506
218.421014,55.000204
218.428679,54.742865
218.436366,54.484764
218.444035,54.227299
218.451719,53.969314
218.459393,53.711650
218.467063,53.454144
218.474755,53.195881
218.482439,52.937916
218.490124,52.679893
218.497805,52.422012
218.505490,52.163987
218.513178,51.905874
218.636272,47.773077
218.643968,47.514663
218.651657,47.256514
218.659353,46.998131
218.667044,46.739902
218.674729,46.481884
218.682412,46.223944
218.690087,45.966258
218.697777,45.708069
218.705443,45.450683
218.713119,45.192964
218.720800,44.935084
218.728463,44.677804
218.736131,44.420365
218.743799,44.162919
218.867429,40.012115
218.875347,39.746251
218.883333,39.478157
218.891369,39.208324
218.899455,38.936853
218.907593,38.663619
218.915783,38.388653
218.924024,38.111950
218.932314,37.833648
218.940656,37.553550
218.949047,37.271822
218.957495,36.988212
218.965995,36.702827
218.974544,36.415775
218.983132,36.127455
219.127630,31.276024
219.137089,30.958427
219.146592,30.639381
219.156157,30.318241
219.165771,29.995449
219.175438,29.670906
219.185154,29.344697
219.194922,29.016736
219.204756,28.686546
219.214620,28.355389
219.224532,28.022605
219.234500,27.687921
219.244536,27.350980
219.254609,27.012788
219.264717,26.673398
219.433572,21.004199
219.444556,20.635419
219.455585,20.265125
219.466664,19.893178
219.477808,19.519028
219.488981,19.143877
219.500223,18.766455
219.511510,18.387487
219.522840,18.007103
219.528542,17.815664
219.534228,17.624732
219.539934,17.433185
219.545667,17.240695
219.551384,17.048757
219.557122,16.856078
219.650155,13.732556
219.656031,13.535270
219.661187,13.342135
219.665968,13.152605
219.670653,12.964777
219.675400,12.778598
219.680332,12.593576
219.685515,12.408607
219.690925,12.225552
219.696646,12.042242
219.702683,11.859165
219.709052,11.676310
219.715769,11.493583
219.722862,11.310516
219.730302,11.128140
219.903073,8.210009
219.917272,8.028108
219.931882,7.846138
219.946895,7.664221
219.962308,7.482380
219.978126,7.300577
219.994351,7.118769
220.010964,6.937170
220.027985,6.755563
220.045409,6.574007
220.063236,6.392480
220.081460,6.211066
220.100084,6.029722
220.119119,5.848336
220.138539,5.667152
220.503607,2.776860
220.529737,2.597298
220.556317,2.417433
220.583273,2.237785
220.610689,2.057780
220.638427,1.878341
220.666569,1.698925
220.695105,1.519583
220.724049,1.340244
220.753407,1.160861
220.783135,0.981710
220.813204,0.802953
220.843788,0.623562
220.874660,0.444878
220.905922,0.266291
221.459726,-2.581212
221.497579,-2.758037
221.535873,-2.935010
221.574538,-3.111811
221.613612,-3.288611
221.653064,-3.465270
221.692887,-3.641755
221.733189,-3.818543
221.773773,-3.994768
221.814749,-4.170920
221.856163,-4.347188
221.897852,-4.522883
221.939916,-4.698436
221.982545,-4.874635
222.025428,-5.050175
222.764733,-7.848070
222.814151,-8.021845
222.863952,-8.195512
222.914307,-8.369661
222.964777,-8.542770
223.015704,-8.716026
223.067017,-8.889182
223.118829,-9.062618
223.170940,-9.235663
223.223490,-9.408782
223.276311,-9.581426
223.329696,-9.754550
223.383262,-9.926910
223.437484,-10.100036
223.491767,-10.272025
224.413900,-13.013784
224.474852,-13.184367
224.536024,-13.354384
224.597608,-13.524374
224.659672,-13.694515
224.721907,-13.863965
224.784651,-14.033646
224.847625,-14.202801
224.911082,-14.372113
224.974890,-14.541225
225.039099,-14.710269
225.103648,-14.879087
225.168600,-15.047840
225.233770,-15.216052
225.299347,-15.384214
226.424239,-18.107609
226.501818,-18.286656
226.579551,-18.465730
226.657608,-18.645297
226.735893,-18.825192
226.814101,-19.004765
226.892497,-19.184656
226.970993,-19.364694
227.049457,-19.544594
227.127953,-19.724519
227.206552,-19.904644
227.285023,-20.084452
227.363555,-20.264379
227.442185,-20.444516
227.520775,-20.624554
228.775730,-23.499081
228.854046,-23.678465
228.932507,-23.858180
229.010736,-24.037361
229.089047,-24.216732
229.167472,-24.396365
229.245719,-24.575589
229.323962,-24.754806
229.402332,-24.934311
229.480533,-25.113431
229.558799,-25.292699
229.637090,-25.472024
229.715438,-25.651480
229.793754,-25.830864
229.872136,-26.010397
231.124943,-28.879950
231.203430,-29.059723
231.281813,-29.239261
231.359922,-29.418169
231.438246,-29.597569
231.516549,-29.776922
231.594878,-29.956334
231.673482,-30.136377
231.751724,-30.315591
231.830025,-30.494939
231.908146,-30.673873
231.986455,-30.853241
232.064879,-31.032871
232.143132,-31.212109
232.221292,-31.391135
233.474086,-34.260658
233.552339,-34.439896
233.630608,-34.619170
233.708829,-34.798337
233.787016,-34.977422
233.865209,-35.156524
233.943539,-35.335938
234.021861,-35.515335
234.100069,-35.694470
234.178361,-35.873798
234.256765,-36.053382
234.334949,-36.232462
234.413358,-36.412058
234.491613,-36.591301
234.569885,-36.770584
235.821269,-39.636877
235.899289,-39.815581
235.977464,-39.994640
236.055502,-40.173385
236.133629,-40.352337
236.211653,-40.531051
236.289821,-40.710094
236.367835,-40.888785
236.445848,-41.067473
236.524033,-41.246555
236.602140,-41.425459
236.679911,-41.603593
236.758054,-41.782580
236.836014,-41.961147
236.913872,-42.139482
238.161149,-44.996368
238.239194,-45.175129
238.317356,-45.354159
238.395598,-45.533372
238.474056,-45.713081
238.552289,-45.892273
238.630736,-46.071955
238.709444,-46.252235
238.787945,-46.432042
238.866906,-46.612901
238.945665,-46.793299
239.024624,-46.974154
239.103500,-47.154819
239.182728,-47.336292
239.262045,-47.517966
240.552378,-50.473473
240.634255,-50.661011
240.716650,-50.849739
240.798985,-51.038326
240.881447,-51.227205
240.964154,-51.416645
241.047188,-51.606834
241.130427,-51.797492
241.213506,-51.987786
241.297059,-52.179162
241.380363,-52.369970
241.464134,-52.561849
241.548040,-52.754035
241.632112,-52.946602
241.716417,-53.139703
243.087182,-56.279437
243.174283,-56.478941
243.261695,-56.679159
243.348979,-56.879083
243.436611,-57.079803
243.524396,-57.280874
243.612350,-57.482334
243.700610,-57.684492
243.788871,-57.886654
243.877219,-58.089016
243.965989,-58.292343
244.054724,-58.495590
244.143739,-58.699478
244.232781,-58.903429
244.322024,-59.107841
245.773369,-62.432144
245.865491,-62.643148
245.957947,-62.854918
246.050347,-63.066562
246.142979,-63.278735
246.235539,-63.490742
246.328737,-63.704214
246.421817,-63.917413
246.515130,-64.131147
246.608635,-64.345320
246.702379,-64.560039
246.796057,-64.774609
246.890176,-64.990187
246.984178,-65.205499
247.078518,-65.421585
248.609884,-68.929177
248.706980,-69.151574
248.804470,-69.374874
248.901991,-69.598247
248.999754,-69.822173
249.097443,-70.045930
249.195434,-70.270377
249.293450,-70.494883
249.391776,-70.720098
249.490169,-70.945467
249.588763,-71.171298
249.687562,-71.397595
249.786566,-71.624365
249.885654,-71.851326
249.984958,-72.078781
251.594731,-75.765963
251.696496,-75.999055
251.798523,-76.232747
251.900288,-76.465841
252.002459,-76.699863
252.104684,-76.934011
252.206836,-77.167988
252.309095,-77.402213
252.411647,-77.637107
252.513974,-77.871487
252.616717,-78.106821
252.719310,-78.341809
252.822235,-78.577558
252.922663,-78.809079
253.021548,-79.037934
254.580480,-82.553026
254.680926,-82.768583
254.782496,-82.985086
254.884139,-83.200277
254.986586,-83.415704
255.089591,-83.630831
255.193027,-83.845388
255.296834,-84.059253
255.401437,-84.273298
255.506733,-84.487300
255.612851,-84.701513
255.718967,-84.914273
255.825570,-85.126575
255.933033,-85.339162
256.041280,-85.551872
257.844334,-88.902283
257.961620,-89.108707
258.079752,-89.315321
258.197935,-89.520731
258.316996,-89.726381
258.436633,-89.931742
258.556490,-90.136208
258.677105,-90.340701
258.798195,-90.544736
258.920253,-90.749143
259.042239,-90.952176
259.164950,-91.155174
259.288365,-91.358095
259.411806,-91.559829
259.536259,-91.761990
261.596061,-94.942132
261.729177,-95.137672
261.863052,-95.333192
261.997199,-95.527978
262.131585,-95.721990
262.266992,-95.916357
262.402351,-96.109542
262.538781,-96.303145
262.675446,-96.495974
262.812575,-96.688357
262.949985,-96.880041
263.088244,-97.071817
263.226757,-97.262859
263.365908,-97.453697
263.505841,-97.644528
265.806065,-100.635485
265.953686,-100.818612
266.101988,-101.001578
266.250935,-101.184332
266.400056,-101.366299
266.549697,-101.547904
266.699919,-101.729219
266.850427,-101.909889
267.001773,-102.090576
267.153470,-102.270697
267.305304,-102.449999
267.457822,-102.629133
267.610485,-102.807464
267.764211,-102.986067
267.918036,-103.163814
270.440744,-105.947986
270.602112,-106.118117
270.763707,-106.287577
270.926321,-106.457193
271.089009,-106.625978
271.252173,-106.794351
271.415437,-106.961926
271.579742,-107.129672
271.744384,-107.296860
271.908959,-107.463087
272.074246,-107.629143
272.239851,-107.794630
272.405749,-107.959523
272.572249,-108.124134
272.739258,-108.288366
275.466045,-110.850519
275.639772,-111.006474
275.814019,-111.162058
275.988623,-111.317123
276.163549,-111.471641
276.338896,-111.625699
276.514671,-111.779303
276.690831,-111.932416
276.867323,-112.084992
277.044198,-112.237075
277.221521,-112.388722
277.399172,-112.539830
277.577079,-112.690344
277.755330,-112.840337
277.933648,-112.989576
280.825443,-115.300358
281.008542,-115.439992
281.191942,-115.579086
281.375484,-115.717522
281.558996,-115.855173
281.743063,-115.992478
281.927131,-116.129024
282.111519,-116.265050
282.296339,-116.400635
282.481310,-116.535574
282.666801,-116.670141
282.852519,-116.804121
283.038580,-116.937600
283.224883,-117.070509
283.411564,-117.202948
286.424794,-119.240807
286.615546,-119.363672
286.806387,-119.485889
286.997649,-119.607669
287.189133,-119.728887
310.068710,-129.688846
310.277226,-129.735551
310.484977,-129.781378
310.693788,-129.826734
310.902364,-129.871333
311.111138,-129.915271
311.320111,-129.958547
311.529150,-130.001136
311.738250,-130.043036
311.947723,-130.084311
312.157705,-130.124985
312.366689,-130.164767
315.723241,-130.709682
315.932085,-130.737740
316.142302,-130.765292
316.351674,-130.792044
316.561309,-130.818144
316.771499,-130.843627
316.981049,-130.868346
317.190799,-130.892414
317.400550,-130.915805
317.610631,-130.938552
317.819568,-130.960496
318.029248,-130.981840
318.238181,-131.002429
318.447856,-131.022411
318.656710,-131.041634
321.992819,-131.256599
322.200472,-131.264257
322.407284,-131.271212
322.614371,-131.277498
322.821946,-131.283120
323.029457,-131.288061
323.236027,-131.292304
323.443611,-131.295895
323.650751,-131.298803
323.857785,-131.301037
324.064794,-131.302605
324.271662,-131.303505
324.477892,-131.303735
324.684133,-131.303298
324.890502,-131.302190
328.166365,-131.193652
328.369548,-131.181252
328.572605,-131.168191
328.775253,-131.154487
328.977743,-131.140124
329.180027,-131.125107
329.382396,-131.109405
329.584072,-131.093081
329.786090,-131.076057
329.987781,-131.058387
330.189579,-131.040035
330.391210,-131.021026
330.592612,-131.001376
330.793289,-130.981132
330.994083,-130.960210
334.175165,-130.537830
334.372150,-130.505963
334.569495,-130.473372
334.765982,-130.440254
334.962372,-130.406483
335.158435,-130.372096
335.354502,-130.337035
335.549955,-130.301409
335.745080,-130.265169
335.939854,-130.228318
336.134449,-130.190825
336.328608,-130.152740
336.522369,-130.114056
336.716006,-130.074712
336.909459,-130.034721
339.968249,-129.310730
340.156804,-129.260316
340.345322,-129.209221
340.532901,-129.157692
340.720822,-129.105382
340.908426,-129.052470
341.095831,-128.998926
341.282865,-128.944798
341.469766,-128.890020
341.656458,-128.834612
341.842905,-128.778586
342.025672,-128.724876
342.205684,-128.672742
342.383359,-128.621707
342.560102,-128.571093
345.336068,-127.711809
345.509230,-127.652342
345.682449,-127.592105
345.855551,-127.531156
346.028817,-127.469395
346.202012,-127.406903
346.375034,-127.343717
346.548227,-127.279711
346.721313,-127.214985
346.894319,-127.149529
347.067435,-127.083271
347.240030,-127.016453
347.412885,-126.948774
347.585598,-126.880388
347.758213,-126.811280
350.500969,-125.609722
350.671017,-125.528722
350.840732,-125.447109
351.010332,-125.364779
351.179573,-125.281852
351.348749,-125.198184
351.514843,-125.117697
351.679107,-125.039182
351.841671,-124.962114
352.003222,-124.885815
352.163847,-124.809973
352.323931,-124.734199
352.483642,-124.658255
352.643377,-124.581830
352.802120,-124.505316
355.338818,-123.177384
355.497157,-123.087280
355.654487,-122.996881
355.812020,-122.905498
355.969403,-122.813332
356.126686,-122.720353
356.283911,-122.626536
356.440700,-122.532108
356.597505,-122.436796
356.754031,-122.340781
356.910374,-122.244005
357.066514,-122.146480
357.222522,-122.048162
357.378114,-121.949229
357.533809,-121.849356
359.983961,-120.159060
360.134449,-120.047763
360.284608,-119.935817
360.434509,-119.823172
360.583946,-119.709981
360.732845,-119.596304
360.881642,-119.481810
361.030310,-119.366516
361.178282,-119.250862
361.326018,-119.134492
361.473332,-119.017552
361.620358,-118.899936
361.766830,-118.781859
361.912964,-118.663148
362.059006,-118.543602
364.313485,-116.659973
364.449293,-116.545932
364.585134,-116.431021
364.720741,-116.315404
364.856007,-116.199133
364.990993,-116.082124
365.125660,-115.964387
365.260117,-115.845811
365.394194,-115.726531
365.527970,-115.606469
365.661506,-115.485563
365.794676,-115.363921
365.927525,-115.241502
366.060075,-115.118280
366.192260,-114.994318
368.255343,-112.913013
368.380724,-112.777210
368.505705,-112.640725
368.630187,-112.503664
368.754223,-112.365972
368.877800,-112.227667
369.000901,-112.088767
369.123531,-111.949269
369.245692,-111.809173
369.367386,-111.668478
369.488575,-111.527231
369.609283,-111.385404
369.729542,-111.242963
369.849241,-111.100038
378.051188,-98.279512
378.125482,-98.107190
378.199145,-97.934483
378.272130,-97.761510
378.344483,-97.588158
378.416187,-97.414475
378.487267,-97.240398
378.557613,-97.066203
378.627382,-96.891503
379.610610,-93.980976
379.661908,-93.789233
379.712482,-93.597300
379.762357,-93.405303
379.811586,-93.213218
379.860162,-93.021190
379.908126,-92.829148
379.955475,-92.637173
380.002224,-92.445248
380.048355,-92.253479
380.093928,-92.061638
380.138881,-91.870000
380.183253,-91.678398
380.226958,-91.487220
380.270202,-91.295558
380.877907,-88.254849
380.910535,-88.066450
380.942595,-87.877816
380.974003,-87.689440
381.004794,-87.501119
381.034914,-87.313189
381.064524,-87.124641
381.093465,-86.936536
381.121758,-86.748732
381.149353,-86.561544
381.176424,-86.373794
381.202805,-86.186580
381.228485,-86.000006
381.253621,-85.812926
381.278062,-85.626430
381.582680,-82.657266
381.596275,-82.473411
381.609273,-82.289149
381.621604,-82.105411
381.633275,-81.922158
381.644331,-81.738457
381.654725,-81.555097
381.664490,-81.371593
381.673609,-81.188245
381.682088,-81.004998
381.689929,-80.821830
381.697130,-80.638768
381.703701,-80.455625
381.709629,-80.272669
381.714923,-80.089693
381.713072,-77.192582
381.707499,-77.012352
381.701297,-76.832554
381.694487,-76.653247
381.687035,-76.473655
381.678969,-76.294579
381.670296,-76.116133
381.660969,-75.937354
381.651027,-75.759070
381.640463,-75.581115
381.629269,-75.403367
381.617456,-75.225964
381.605019,-75.048834
381.591926,-74.871747
381.578184,-74.694714
381.273735,-71.892993
381.249431,-71.719930
381.224481,-71.546919
381.198876,-71.373905
381.172666,-71.201213
381.145869,-71.028949
381.118378,-70.856414
381.090337,-70.684421
381.061741,-70.512944
381.032483,-70.341365
381.002663,-70.170288
380.972264,-69.999616
380.941264,-69.829224
380.909676,-69.659177
380.877500,-69.489486
380.279051,-66.804661
380.236403,-66.638510
380.193185,-66.472729
380.149399,-66.307323
380.104924,-66.141829
380.059811,-65.976449
380.014167,-65.811576
379.967917,-65.646931
379.920976,-65.482214
379.873466,-65.317860
379.825439,-65.154041
379.776762,-64.990298
379.727355,-64.826371
379.677444,-64.663015
379.626919,-64.499863
378.742798,-61.938646
378.682718,-61.781478
378.622060,-61.624616
378.560808,-61.468010
378.498972,-61.311687
378.436561,-61.155666
378.373665,-61.000166
378.310124,-60.844787
378.245846,-60.689314
378.181232,-60.534714
378.115796,-60.379822
378.049928,-60.225567
377.983448,-60.071522
377.916590,-59.918225
377.848856,-59.764534
376.517421,-57.280052
376.429115,-57.128106
376.340392,-56.976556
376.251542,-56.825897
376.072177,-56.525064
375.982127,-56.375680
375.891611,-56.226617
375.800754,-56.078085
375.709558,-55.930088
375.618003,-55.782595
375.526095,-55.635617
375.433762,-55.489042
375.341109,-55.343041
375.248017,-55.197426
375.154679,-55.052500
371.934702,-50.757379
371.697959,-50.492351
371.460324,-50.229674
371.222015,-49.969546
370.982912,-49.711827
370.743206,-49.456727
370.502473,-49.203805
370.261066,-48.953450
370.018857,-48.705538
369.775692,-48.459928
369.531927,-48.216987
369.286854,-47.976023
369.041100,-47.737666
368.794241,-47.501513
368.546649,-47.267926
364.310180,-43.824955
364.019974,-43.627726
363.729670,-43.433265
363.439083,-43.241417
363.148624,-43.052443
362.857653,-42.865926
362.566547,-42.682116
362.275346,-42.501041
361.983912,-42.322619
361.692198,-42.146825
361.400365,-41.973759
361.107950,-41.803150
360.815413,-41.635272
360.522416,-41.469930
360.229151,-41.307235
355.332613,-39.051816
355.007645,-38.933213
354.683197,-38.817416
354.359259,-38.704406
354.035849,-38.594180
353.712809,-38.486684
353.390597,-38.382065
353.068281,-38.280020
352.746639,-38.180798
352.425322,-38.084288
352.104281,-37.990473
351.784146,-37.899531
351.463723,-37.811117
351.143715,-37.725430
350.824144,-37.642468
345.672493,-36.684734
345.330680,-36.650603
344.990070,-36.619349
344.649655,-36.590657
344.310668,-36.564255
343.972570,-36.539700
343.635334,-36.516777
343.298241,-36.495338
342.961611,-36.475358
342.625370,-36.456812
342.289205,-36.439673
341.952936,-36.423929
341.616794,-36.409591
341.280492,-36.396646
340.944663,-36.385118
335.578439,-36.390341
335.243929,-36.402479
334.909744,-36.415991
334.575596,-36.430889
334.241588,-36.447167
333.907819,-36.464818
333.562529,-36.485515
333.207523,-36.508302
332.848106,-36.532252
332.486278,-36.556868
332.123755,-36.581814
331.759839,-36.607014
331.396519,-36.632257
331.032968,-36.657562
330.669654,-36.682875
324.867136,-37.087524
324.505109,-37.112772
324.143531,-37.137989
323.781745,-37.163220
323.408579,-37.190662
323.026119,-37.218753
322.639172,-37.246134
322.249793,-37.272400
321.859072,-37.297338
321.467563,-37.320825
321.076232,-37.342755
320.684185,-37.363147
320.292260,-37.381940
319.900763,-37.399113
319.508727,-37.414705
313.249572,-37.445733
312.859282,-37.434080
312.469289,-37.420840
312.079458,-37.406012
311.690070,-37.389608
311.300304,-37.371593
310.911102,-37.352012
310.521916,-37.330839
310.132953,-37.308086
309.744224,-37.283754
309.355674,-37.257843
308.967352,-37.230355
308.579250,-37.201293
308.186696,-37.171038
307.782045,-37.139697
301.183108,-36.198322
300.775074,-36.110960
300.367833,-36.020306
299.961436,-35.926376
299.555911,-35.829181
299.151157,-35.728698
298.747579,-35.625031
298.344818,-35.518094
297.942974,-35.407914
297.542269,-35.294554
297.142514,-35.177966
296.743784,-35.058172
296.346213,-34.935215
295.949694,-34.809066
295.554366,-34.679771
289.402635,-32.189748
289.030383,-32.008488
288.659876,-31.824374
288.279104,-31.633932
287.891719,-31.437742
287.503070,-31.237267
287.115074,-31.032928
286.728921,-30.825099
286.345240,-30.614034
285.965075,-30.400305
285.588148,-30.183767
285.214600,-29.964527
284.844404,-29.742608
284.477306,-29.517886
284.113294,-29.290379
278.695103,-25.293635
278.382576,-25.023503
278.073523,-24.751463
277.767327,-24.476990
277.463739,-24.199886
277.162840,-23.920240
276.864895,-23.638314
276.569596,-23.353840
276.277646,-23.067522
275.988956,-22.779281
275.703530,-22.489138
275.421532,-22.197280
275.142676,-21.903423
274.866757,-21.607351
274.593592,-21.308892
270.650040,-16.279185
270.431552,-15.951262
265.983181,18.592203
266.100553,18.887341
266.220533,19.181378
268.482055,23.711564
268.644215,23.982950
268.808587,24.252575
268.975227,24.520547
269.144260,24.787070
269.315589,25.051993
269.489248,25.315373
269.665147,25.577075
269.843404,25.837280
270.023740,26.095582
270.206530,26.352526
270.391320,26.607472
270.578371,26.860793
270.767548,27.112308
270.958933,27.362130
274.299937,31.105471
274.525412,31.322881
274.752467,31.537993
274.981438,31.751133
275.212236,31.962218
275.444817,32.171211
275.679137,32.378074
275.915206,32.582822
276.152577,32.785075
276.392441,32.985849
276.633590,33.184122
276.876392,33.380209
277.121083,33.574301
277.363748,33.763037
277.599183,33.942686
281.418106,36.562286
281.663890,36.713536
281.910444,36.863291
282.157776,37.011558
282.405809,37.158292
282.651085,37.301064
282.887651,37.436704
283.121238,37.569528
283.353885,37.700887
283.586132,37.831131
283.818935,37.960804
284.051712,38.089582
284.284816,38.217661
284.518263,38.345051
284.751852,38.471641
288.528420,40.399861
288.766958,40.514359
289.005544,40.628033
289.244339,40.740964
289.483442,40.853200
289.722795,40.964713
289.962359,41.075486
290.202044,41.185479
290.442075,41.294796
290.672462,41.397898
290.897106,41.498139
291.119643,41.597414
291.341146,41.696238
291.562079,41.794816
291.783166,41.893470
295.306693,43.465816
295.526551,43.563926
295.746041,43.661872
295.965549,43.759826
296.184943,43.857729
296.404211,43.955576
296.623637,44.053494
296.842888,44.151333
297.062056,44.249135
297.280999,44.346837
297.500017,44.444572
297.718966,44.542277
297.937851,44.639953
298.156772,44.737645
298.375530,44.835264
301.866177,46.392942
302.083694,46.490008
302.301176,46.587058
302.518689,46.684121
302.736036,46.781111
302.953121,46.877984
303.170521,46.974997
303.387526,47.071834
303.604835,47.168807
303.821853,47.265649
304.038836,47.362477
304.255665,47.459235
304.472521,47.556006
304.689289,47.652737
304.906005,47.749445
308.363463,49.292312
308.578957,49.388476
308.790624,49.482277
308.992874,49.571338
309.191283,49.659492
309.388080,49.747660
309.584032,49.836143
309.779447,49.925060
309.974480,50.014470
310.169069,50.104340
310.363602,50.194847
310.557418,50.285682
310.751166,50.377148
310.944399,50.469032
311.137586,50.561558
314.181713,52.109335
314.369242,52.210349
314.556369,52.311820
314.743108,52.413754
314.929485,52.516165
315.115524,52.619064
315.301219,52.722448
315.486487,52.826269
315.671600,52.930680
315.856275,53.035521
316.040534,53.140804
316.224510,53.246603
316.408162,53.352895
316.591378,53.459615
316.684273,53.513979
319.611858,55.320422
319.785955,55.433687
319.959630,55.547352
320.132856,55.661392
320.305171,55.775497
320.476611,55.889694
320.647101,56.003930
320.816725,56.118255
320.985594,56.232740
321.154150,56.347686
321.322299,56.463019
321.490022,56.578720
321.657267,56.694748
321.823791,56.810930
321.989311,56.927071
324.566851,58.823555
324.724880,58.945364
324.882420,59.067455
325.039566,59.189901
325.196349,59.312725
325.352708,59.435877
325.508768,59.559457
325.664475,59.683421
325.819779,59.807728
325.974594,59.932310
326.129255,60.057435
326.283304,60.182731
326.437184,60.308558
326.590601,60.434677
326.743636,60.561152
328.996450,62.519714
329.125902,62.641653
329.254673,62.764217
329.382807,62.887449
329.510244,63.011288
329.637025,63.135774
329.763038,63.260795
329.888388,63.386454
330.013067,63.512742
330.137022,63.639603
330.260221,63.767002
330.382857,63.895140
330.504733,64.023809
330.625995,64.153163
330.746337,64.282874
332.723446,66.585761
332.847153,66.737236
332.970379,66.888915
333.095488,67.044587
333.226275,67.208568
333.359011,67.374849
333.492398,67.541850
333.625991,67.709065
333.759666,67.876365
333.893296,68.043601
334.026823,68.210704
334.160398,68.377867
334.293933,68.544979
334.427420,68.712030
334.560878,68.879045
336.955204,71.786792
337.120001,71.975302
337.285820,72.163033
337.452557,72.349874
337.620199,72.535815
337.788715,72.720825
337.958136,72.904939
338.128420,73.088113
338.299576,73.270359
338.471731,73.451813
338.644646,73.632225
338.820933,73.815303
339.004318,74.004647
339.191553,74.194433
339.381097,74.383206
342.602599,77.199309
342.814432,77.361647
343.027416,77.522324
343.241685,77.681443
343.456757,77.838650
343.673083,77.994281
343.890342,78.148106
344.108870,78.300368
344.328473,78.450928
344.549103,78.599758
344.770833,78.746909
345.001766,78.899580
345.237989,79.052537
345.477194,79.203494
345.718911,79.352212
349.820333,81.413904
350.099379,81.524190
350.380062,81.630760
350.662276,81.733643
350.945975,81.832908
351.231013,81.928573
351.517117,82.020612
351.804312,82.109060
352.092576,82.193918
352.381591,82.275100
352.671638,82.352689
352.962865,82.426721
353.254486,82.497001
353.557154,82.568038
353.864516,82.636386
358.868906,83.119683
359.182863,83.111152
359.496921,83.098052
359.810283,83.080417
360.123269,83.058241
360.435718,83.031538
360.747889,83.000287
361.059356,82.964528
361.370145,82.924265
361.680294,82.879495
361.989309,82.830297
362.298146,82.776515
400.141011,14.687763
400.234157,14.435719
400.327235,14.183862
400.420267,13.932131
401.889145,9.953651
401.973725,9.726865
402.058910,9.500785
402.144771,9.275124
402.231300,9.049889
402.318450,8.825193
402.406373,8.600640
402.494915,8.376621
402.584072,8.153144
402.673997,7.929818
402.764524,7.707057
402.855723,7.484684
402.947567,7.262759
403.040080,7.041223
403.133234,6.820138
404.711880,3.339321
404.816343,3.124581
404.921433,2.910281
405.027189,2.696345
405.133511,2.482971
405.240452,2.270047
405.347962,2.057671
405.456158,1.845608
405.564927,1.634079
405.674259,1.423098
405.784255,1.212470
405.895066,1.001910
406.006594,0.791603
406.118850,0.581527
406.231910,0.371542
408.126043,-2.930597
408.249524,-3.133059
408.373686,-3.335199
408.495517,-3.533413
408.609185,-3.717719
408.722904,-3.898550
408.837424,-4.077998
408.953109,-4.256760
409.069832,-4.434658
409.187472,-4.611518
409.306222,-4.787638
409.426029,-4.962940
409.546727,-5.137188
409.668546,-5.310720
409.791503,-5.483557
411.889179,-8.123813
412.028286,-8.281020
412.168147,-8.437116
412.308939,-8.592303
412.450624,-8.746542
412.593260,-8.899898
412.723612,-9.040839
412.852355,-9.176221
412.981730,-9.309533
413.112163,-9.441432
413.243721,-9.572021
413.376408,-9.701312
413.510200,-9.829285
413.645095,-9.955944
413.781072,-10.081272
416.221108,-11.999779
416.391555,-12.117612
416.562640,-12.234343
416.734237,-12.349888
416.906544,-12.464383
417.083426,-12.579718
417.274126,-12.702317
417.467194,-12.825941
417.660797,-12.949130
417.854593,-13.071620
443.211009,-28.609794
443.441960,-28.751269
443.672868,-28.892717
443.903663,-29.034096
444.134313,-29.175386
444.364841,-29.316601
444.595360,-29.457811
444.825523,-29.598803
445.055765,-29.739844
445.285820,-29.880769
448.671528,-31.859495
448.884571,-31.976186
449.097800,-32.092086
449.311464,-32.207331
449.525151,-32.321701
449.739323,-32.435445
449.953647,-32.548385
450.168185,-32.660558
450.383009,-32.772001
450.598009,-32.882660
450.796958,-32.985982
450.991788,-33.084785
451.186520,-33.181808
451.381519,-33.277381
451.576987,-33.371630
454.764675,-34.700707
454.967211,-34.772532
455.169947,-34.842981
455.373282,-34.912197
455.576780,-34.980029
455.780474,-35.046496
455.984598,-35.111675
456.188992,-35.175517
456.393787,-35.238064
456.598745,-35.299245
456.804018,-35.359110
457.009384,-35.417596
457.215081,-35.474776
457.421056,-35.530634
457.616893,-35.583860
460.582312,-36.133550
460.768896,-36.152844
460.955674,-36.170391
461.142262,-36.186158
461.328954,-36.200177
461.515708,-36.212445
461.702448,-36.222959
461.889028,-36.231717
462.075847,-36.238738
462.262366,-36.244005
462.448925,-36.247533
462.635378,-36.249320
462.821746,-36.249369
463.008074,-36.247684
463.194194,-36.244267
466.140882,-35.957290
466.322309,-35.925067
466.503351,-35.891188
466.683934,-35.855672
466.864113,-35.818509
467.043811,-35.779719
467.223044,-35.739302
467.401879,-35.697243
467.580086,-35.653602
467.757856,-35.608334
467.935060,-35.561475
468.111692,-35.513031
468.287715,-35.463016
468.463343,-35.411372
468.638315,-35.358175
471.347022,-34.299601
471.509908,-34.220934
471.672094,-34.140786
471.833433,-34.059231
471.994036,-33.976215
472.153678,-33.891857
472.312391,-33.806146
472.470238,-33.719054
472.627364,-33.630500
472.783372,-33.540712
472.938569,-33.449519
473.093013,-33.356885
473.246353,-33.263025
473.398672,-33.167894
473.550071,-33.071436
475.835176,-31.358178
475.968915,-31.241025
476.101582,-31.122705
476.232930,-31.003447
476.363239,-30.883001
476.492338,-30.761529
476.620240,-30.639022
476.747149,-30.515290
476.872703,-30.390685
476.997129,-30.264992
477.120367,-30.138273
477.242410,-30.010538
477.363238,-29.881813
477.482847,-29.752106
477.601210,-29.621452
479.323359,-27.408521
479.419961,-27.263175
479.515193,-27.117133
479.609167,-26.970232
479.701729,-26.822711
479.792934,-26.674494
479.882805,-26.525549
479.971311,-26.375932
480.058417,-26.225709
480.144263,-26.074642
480.228667,-25.923053
480.311708,-25.770811
480.393345,-25.617999
480.473632,-25.464518
480.552511,-25.310485
481.623945,-22.775129
481.678909,-22.612767
481.732384,-22.450215
481.784435,-22.287295
481.835034,-22.124101
481.884212,-21.960544
481.931974,-21.796615
481.978307,-21.632363
482.023194,-21.467863
482.066644,-21.303086
482.108658,-21.138040
482.149204,-20.972872
482.188364,-20.807255
482.226056,-20.641544
482.262315,-20.475594
482.647213,-17.802012
482.659118,-17.634331
482.669598,-17.466713
482.678656,-17.299150
482.686298,-17.131600
482.692524,-16.964103
482.697335,-16.796740
482.700739,-16.629287
482.702733,-16.462002
482.703321,-16.294807
482.702505,-16.127724
482.700289,-15.960825
482.696666,-15.793867
482.691635,-15.626742
482.685198,-15.459457
482.393644,-12.809587
482.363826,-12.646449
482.328523,-12.467487
482.291990,-12.284986
482.254446,-12.102382
482.215886,-11.919935
482.176361,-11.737910
482.135866,-11.556275
482.094389,-11.374963
482.051942,-11.194023
482.008509,-11.013373
481.964140,-10.833217
481.918786,-10.653339
481.872469,-10.473825
481.825192,-10.294679
480.895883,-7.249389
480.831563,-7.056005
480.766750,-6.862896
480.701460,-6.670111
480.635690,-6.477633
480.569416,-6.285391
480.502716,-6.093610
480.435464,-5.901918
480.367819,-5.710771
480.297595,-5.515743
480.222367,-5.307970
480.146845,-5.098534
480.071342,-4.889065
479.995881,-4.679703
479.920470,-4.470479
478.719653,-1.138866
478.644622,-0.930697
478.569634,-0.722645
478.494675,-0.514676
478.419767,-0.306845
478.344840,-0.098966
478.269772,0.109309
478.194621,0.317810
478.119423,0.526445
478.044313,0.734834
477.969245,0.943107
477.894244,1.151193
477.819290,1.359151
477.744370,1.567012
477.669510,1.774709
476.455296,5.143490
476.373654,5.370002
476.290702,5.600150
476.206437,5.833938
476.120889,6.071287
476.033983,6.312403
475.945761,6.557172
475.856238,6.805549
475.765351,7.057710
475.673205,7.313365
475.579690,7.572821
475.484954,7.835661
475.388777,8.102498
475.323995,8.282233
475.258588,8.463703
474.132500,11.587982
474.057156,11.797020
473.981137,12.007932
473.904651,12.220140
473.827517,12.434145
473.749818,12.649718
473.671615,12.866687
473.592793,13.085376
473.513397,13.305655
473.433704,13.526761
473.353462,13.749389
473.272824,13.973114
473.191688,14.198224
473.110320,14.423975
473.028478,14.651042
471.721515,18.277684
471.642572,18.490836
471.563052,18.703613
471.482934,18.916069
471.402225,19.128193
471.320911,19.340025
471.239001,19.551539
471.156495,19.762740
471.073290,19.973892
470.989596,20.184463
470.905290,20.394763
470.820431,20.604651
470.735010,20.814151
458.116110,48.994383
457.973573,49.311533
457.830386,49.630131
457.686269,49.950799
457.541691,50.272492
457.396330,50.595927
457.250177,50.921125
457.103449,51.247601
456.955998,51.575687
454.818408,56.331926
454.739565,56.507356
454.660536,56.683198
454.581189,56.859749
454.501823,57.036342
454.422404,57.213053
454.342534,57.390768
454.262608,57.568606
454.182697,57.746414
454.102337,57.925219
454.021856,58.104291
453.941413,58.283282
453.860671,58.462937
453.779690,58.643122
453.698614,58.823521
452.377275,61.763562
452.293234,61.950558
452.208992,62.138001
452.124599,62.325779
452.040033,62.513941
451.955277,62.702528
451.870368,62.891454
451.785281,63.080778
451.700029,63.270467
451.614590,63.460573
451.528977,63.651066
451.443178,63.841972
451.357066,64.033576
451.271011,64.225053
451.184647,64.417216
449.780451,67.541620
449.691256,67.740081
449.601884,67.938939
449.512335,68.138190
449.422702,68.337627
449.332765,68.537742
449.242591,68.738384
449.152305,68.939275
449.061885,69.140461
448.971435,69.341718
448.880610,69.543809
448.789697,69.746094
448.698462,69.949095
448.607127,70.152320
448.515815,70.355494
447.028925,73.663895
446.934575,73.873828
446.840001,74.084258
446.745291,74.294994
446.650402,74.506126
446.555369,74.717578
446.460143,74.929462
446.364706,75.141813
446.269167,75.354392
446.173569,75.567102
446.077630,75.780570
445.981560,75.994331
445.885296,76.208524
445.788570,76.423743
445.692108,76.638375
444.123430,80.128759
444.023918,80.350178
443.924168,80.572125
443.824289,80.794362
443.724164,81.017143
443.624051,81.239900
443.423192,81.686821
443.322623,81.910591
443.221620,82.135329
443.120728,82.359818
443.019357,82.585373
442.917989,82.810921
442.816456,83.036837
442.714705,83.263239
442.612975,83.489592
440.962439,87.162114
440.858276,87.393880
440.753553,87.626894
440.648825,87.859919
440.544303,88.092486
440.439451,88.325787
440.334256,88.559849
440.229223,88.793553
440.123920,89.027858
440.018610,89.262177
439.913229,89.496655
439.807809,89.731220
439.702126,89.966369
439.596376,90.201668
439.490541,90.437156
437.788221,94.224899
437.681353,94.462685
437.574501,94.700436
437.467708,94.938054
437.360760,95.176020
437.253861,95.413875
437.147124,95.651370
437.040231,95.889213
436.933339,96.127052
436.826206,96.365428
436.719317,96.603261
436.612539,96.840847
436.505522,97.078965
436.398707,97.316632
436.291828,97.554445
423.419420,126.196160
423.295670,126.471511
423.171995,126.746693
423.048360,127.021786
422.924515,127.297348
422.800363,127.573592
422.676450,127.849305
422.552230,128.125701
422.427727,128.402726
422.303525,128.679080
420.300171,133.136638
420.174409,133.416465
420.048372,133.696902
419.922482,133.977014
419.796797,134.256668
419.670634,134.537386
419.544687,134.817626
419.418892,135.097526
419.292687,135.378338
419.166517,135.659071
419.040672,135.939083
418.914589,136.219623
418.788296,136.500632
418.662429,136.780691
418.536337,137.061253
416.394289,141.827410
416.268460,142.107386
416.142586,142.387461
416.016808,142.667322
415.891019,142.947210
415.767594,143.223290
415.646018,143.496208
415.525700,143.766853
415.406654,144.034830
415.288333,144.301055
415.170576,144.565619
415.053299,144.828485
414.935961,145.090668
414.818513,145.352108
414.701225,145.612057
412.755129,149.715920
412.628041,149.970135
412.500778,150.223105
412.372276,150.476951
412.243422,150.729906
412.113923,150.982555
411.983653,151.235141
411.852507,151.487858
411.721097,151.739531
411.588594,151.991748
411.455897,152.242795
411.322292,152.494028
411.187772,152.745455
411.053004,152.995827
410.917356,153.246324
408.661640,157.207914
408.515451,157.452433
408.368702,157.696506
408.220869,157.941001
408.072982,158.184212
407.924484,158.427066
407.775019,158.670140
407.624826,158.913042
407.474687,159.154509
407.323876,159.395719
407.171982,159.637325
407.019687,159.878236
406.866774,160.118799
406.713345,160.358852
406.559416,160.598376
404.007525,164.386024
403.835850,164.625991
403.661406,164.867757
403.485339,165.109910
403.308056,165.352075
403.129013,165.595188
402.948753,165.838740
402.768279,166.081583
402.586867,166.324870
402.404722,166.568470
402.222715,166.811345
402.040160,167.054515
401.857745,167.297152
401.675045,167.539893
401.492432,167.782303
398.575853,171.645881
398.393240,171.887752
398.211802,172.128074
398.030156,172.368679
397.848671,172.609076
397.666914,172.849841
397.485319,173.090394
397.303800,173.330851
397.122170,173.571461
396.940552,173.812057
396.759011,174.052553
396.577486,174.293031
396.395960,174.533514
396.214478,174.773939
396.033110,175.014215
393.133273,178.855990
392.952321,179.095720
392.771283,179.335565
392.590344,179.575278
392.409484,179.814889
392.228515,180.054642
392.047775,180.294092
391.866819,180.533827
391.686355,180.772912
391.505534,181.012470
391.321666,181.255078
391.135311,181.500369
390.947059,181.747887
390.757403,181.997259
390.566719,182.248227
387.527264,186.380320
387.342346,186.642769
387.157800,186.906125
386.974418,187.169266
386.791623,187.433011
386.609397,187.697395
386.428141,187.961834
386.247541,188.226784
386.067719,188.492066
385.888663,188.757695
385.710412,189.023613
385.532875,189.289951
385.356130,189.556593
385.180060,189.823711
385.004927,190.090908
382.303379,194.415670
382.140630,194.689296
381.978827,194.962923
381.817888,195.236679
381.657568,195.510981
381.498092,195.785443
381.339272,196.060386
381.181226,196.335605
381.023938,196.611125
380.867644,196.886532
380.711528,197.163258
380.556465,197.439764
380.402150,197.716580
380.248428,197.993991
380.095613,198.271426
377.817991,202.650679
377.687338,202.916693
377.557202,203.182461
377.427350,203.448313
377.297822,203.714041
377.168528,203.979722
377.039277,204.245662
376.910304,204.511303
376.781300,204.777221
376.652379,205.043134
376.523512,205.309059
376.394678,205.575011
376.265839,205.841043
376.137003,206.107116
376.008197,206.373162
373.947444,210.629721
373.818755,210.895487
373.690036,211.161312
373.561413,211.426936
373.432993,211.692137
373.304123,211.958264
373.175513,212.223854
373.046924,212.489400
372.918296,212.755023
372.789770,213.020437
372.661230,213.285876
372.532711,213.551271
372.404456,213.816123
372.275664,214.082081
372.147212,214.347338
369.966042,218.851483
369.838235,219.115406
369.710131,219.379942
369.582294,219.643927
369.454523,219.907775
369.326794,220.171538
369.199198,220.435027
369.071731,220.698247
368.944254,220.961489
368.816955,221.224362
368.689765,221.487011
368.562565,221.749681
368.435450,222.012176
368.308395,222.274546
368.181291,222.537016
366.150468,226.730693
366.023686,226.992498
365.896929,227.254254
365.770096,227.516166
365.643426,227.777741
365.516747,228.039336
365.389850,228.301379
365.263391,228.562519
365.136467,228.824619
365.009841,229.086102
364.883207,229.347604
364.756877,229.608477
364.630140,229.870191
364.503505,230.131694
364.377039,230.392848
362.362066,234.553793
362.237798,234.810408
362.113857,235.066348
361.990267,235.321562
361.867097,235.575910
361.744299,235.829489
361.621702,236.082653
361.499418,236.335171
361.378069,236.585759
361.256872,236.836033
361.135986,237.085663
361.015777,237.333897
360.895442,237.582390
360.775920,237.829205
360.656638,238.075523
358.689385,242.137928
358.577225,242.369539
358.465200,242.600871
358.353955,242.830594
358.242938,243.059845
358.132075,243.288778
358.022037,243.516009
357.912182,243.742862
357.802504,243.969348
357.693604,244.194228
357.584917,244.418667
357.476649,244.642242
357.368733,244.865090
357.261189,245.087169
357.153939,245.308642
355.493024,248.738454
355.392253,248.946549
355.292248,249.153059
355.192492,249.359057
355.093151,249.564198
340.640200,289.162226
340.648776,289.469313
340.659996,289.776051
340.673884,290.083132
340.690406,290.389694
340.709569,290.696022
340.731362,291.001981
340.755776,291.307515
340.782837,291.612977
341.640104,296.735681
341.713545,297.031624
341.789428,297.326564
341.867964,297.621316
341.948920,297.914995
342.032299,298.207656
342.118376,298.500243
342.206698,298.791223
342.297569,299.081630
342.390965,299.371376
342.486659,299.659769
342.584843,299.947414
342.685459,300.234135
342.788482,300.519872
342.893874,300.804527
344.900012,305.212600
345.044727,305.477764
345.191661,305.741631
345.340785,306.004154
345.491935,306.265058
345.645406,306.524854
345.801049,306.783288
345.958815,307.040283
346.118697,307.295831
346.280693,307.549936
346.444801,307.802598
346.610984,308.053765
346.779243,308.303441
346.949552,308.551593
347.121903,308.798213
350.145743,312.523630
350.350516,312.741826
350.556980,312.958140
350.765692,313.173151
350.975553,313.385729
351.187406,313.596741
351.400880,313.805816
351.616042,314.013024
351.832846,314.218325
352.051442,314.421862
352.161232,314.522802
352.493285,314.822979
352.716651,315.020676
352.941593,315.216421
353.168059,315.410173
357.115565,318.314953
357.366583,318.472706
357.618608,318.628170
357.872075,318.781617
358.126683,318.932863
358.382789,319.082120
358.639487,319.228865
358.897543,319.373545
359.156988,319.516172
359.286939,319.586556
359.678716,319.794545
359.941126,319.930369
360.204186,320.063764
360.469106,320.195342
360.734463,320.324392
365.103077,322.079698
365.382684,322.169720
365.662625,322.257297
365.943734,322.342692
366.225181,322.425649
366.507148,322.506229
366.789656,322.584443
367.072795,322.660318
367.356273,322.733776
367.640696,322.804977
367.925023,322.873662
368.210294,322.940088
368.495962,323.004123
368.781960,323.065756
369.068332,323.125002
373.689745,323.748224
373.980100,323.766862
374.270699,323.783121
374.561053,323.796976
374.851290,323.808441
375.141561,323.817525
375.432202,323.824235
375.722443,323.828556
376.012670,323.830499
376.302627,323.830065
376.592977,323.827254
376.882607,323.822077
377.172612,323.814521
377.462318,323.804599
377.751751,323.792315
382.342251,323.277176
382.483803,323.251559
382.908532,323.171122
383.190926,323.114661
383.472530,323.055973
383.753974,322.994929
384.034581,322.931674
384.174695,322.899191
384.594001,322.798387
384.872741,322.728378
385.150801,322.656135
385.428187,322.581661
385.704981,322.504933
385.980844,322.426049
386.256093,322.344923
390.675786,320.694709
390.935313,320.576294
391.193672,320.455889
391.451406,320.333238
391.707801,320.208680
391.963117,320.082095
392.217104,319.953613
392.470212,319.823007
392.722334,319.690332
392.973116,319.555773
393.222687,319.419269
393.470984,319.280858
393.718377,319.140335
393.964389,318.997969
394.209165,318.853682
397.946760,316.292752
398.168490,316.117529
398.388730,315.940608
398.607147,315.762265
398.716157,315.672164
399.040140,315.399997
399.360868,315.123955
399.572774,314.937865
399.783216,314.750068
400.095827,314.465452
400.199225,314.369796
400.506849,314.080627
400.710226,313.885604
400.903174,313.696817
412.921193,297.560266
413.035964,297.359747
413.144786,297.168035
413.252304,296.978768
413.359096,296.790890
413.465802,296.603219
413.572414,296.415738
413.678975,296.228355
413.785496,296.041046
413.891949,295.853857
415.586774,292.881627
415.685418,292.713566
415.784389,292.545933
415.883818,292.378506
415.983663,292.211356
416.083903,292.044516
416.184601,291.877883
416.285625,291.711673
416.387035,291.545784
416.488818,291.380240
416.591009,291.214980
416.693571,291.050064
416.796438,290.885596
416.899888,290.721131
417.055630,290.475278
418.692700,288.084830
418.797136,287.946153
418.899019,287.810981
418.994968,287.683508
419.090431,287.559312
419.234341,287.376543
419.331148,287.256109
419.428721,287.136622
419.527262,287.017814
419.626579,286.899909
419.726662,286.782911
419.827730,286.666562
419.929630,286.551039
420.032319,286.436387
420.135820,286.322579
421.899612,284.617427
422.016229,284.518360
422.133512,284.420242
422.251500,284.323037
422.370144,284.226784
422.489486,284.131446
422.609530,284.037020
422.730176,283.943582
422.851565,283.851023
422.973597,283.759417
423.096195,283.668820
423.219484,283.579139
423.343354,283.490451
423.467885,283.402699
423.593080,283.315878
425.739291,282.027104
425.941359,281.923603
426.076553,281.855941
426.212373,281.789228
426.348680,281.723535
426.485090,281.659043
426.622259,281.595438
426.759738,281.532931
426.828594,281.502089
427.035915,281.411071
427.174725,281.351666
427.313557,281.293472
427.453134,281.236182
427.592899,281.180027
427.733054,281.124922
430.274953,280.274090
430.436705,280.227386
430.598734,280.181467
430.760873,280.136378
430.923138,280.092116
431.085534,280.048675
431.248121,280.006041
431.410851,279.964223
431.573700,279.923229
431.736734,279.883039
431.899726,279.843709
432.063016,279.805155
432.226419,279.767420
432.389982,279.730495
432.553792,279.694358
435.268201,279.216455
435.350782,279.205435
435.598581,279.173598
435.763822,279.153392
435.929111,279.133998
436.094219,279.115441
436.259733,279.097655
436.425105,279.080699
436.590298,279.064575
436.755722,279.049240
436.921203,279.034712
437.086559,279.021006
437.252170,279.008089
437.417433,278.996009
437.583053,278.984711
440.280047,278.915048
440.554319,278.918042
440.645779,278.919258
440.920063,278.923562
441.102860,278.926981
441.285519,278.930838
441.468188,278.935137
441.650800,278.939875
441.833188,278.945047
442.015606,278.950661
442.197914,278.956710
442.380155,278.963197
442.562319,278.970121
442.744378,278.977479
442.926493,278.985279
446.349236,279.173229
446.448555,279.178799
446.746374,279.195501
446.944859,279.206631
447.143295,279.217760
447.341638,279.228883
447.539924,279.240002
447.738031,279.251112
447.936221,279.262226
448.233300,279.278886
448.530060,279.295528
448.732397,279.307470
448.944127,279.320158
449.158295,279.332201
449.373300,279.343676
452.705804,279.455339
453.027483,279.459623
453.241938,279.461844
453.456257,279.463557
453.670475,279.464763
453.884690,279.465462
454.098777,279.465656
454.312691,279.465343
454.526797,279.464525
454.751474,279.464370
454.980558,279.462824
455.210993,279.459931
455.441970,279.455863
455.788418,279.447678
456.019398,279.440851
459.695358,279.184969
459.923702,279.159882
460.265540,279.120300
460.493327,279.092572
460.720951,279.063783
460.948252,279.033954
461.288789,278.987238
461.515582,278.954774
461.742120,278.921267
461.968421,278.886713
462.194498,278.851113
462.420323,278.814471
462.645879,278.776792
462.871220,278.738068
463.096318,278.698303
466.998126,277.791638
467.232337,277.722044
467.465973,277.650850
467.699084,277.578042
467.931569,277.503653
468.163440,277.427682
468.510126,277.310752
468.740451,277.230837
468.970119,277.149361
469.199187,277.066305
469.427544,276.981712
469.655217,276.895573
469.882357,276.807834
470.108585,276.718641
470.344642,276.625254
474.060856,274.791075
474.283209,274.658732
474.504199,274.524440
474.723925,274.388143
474.942308,274.249891
475.159290,274.109724
475.374947,273.967598
475.589209,273.823560
475.802063,273.677623
476.013551,273.529760
476.223489,273.380102
476.432048,273.228534
476.742098,272.997750
477.048818,272.762844
477.352138,272.523883
481.701898,268.193458
481.940070,267.893926
482.173799,267.591654
482.403489,267.286135
482.703044,266.874285
482.922641,266.562114
483.137926,266.247096
483.348879,265.929266
483.555343,265.608875
483.757312,265.285956
483.954776,264.960543
484.147747,264.632632
484.336139,264.302386
484.520025,263.969693
484.699232,263.634882
486.904126,258.102149
488.581840,244.517927
488.587990,244.218929
488.592552,243.924258
488.649803,239.542475
488.653406,239.268983
488.657012,238.995232
488.660621,238.721264
488.664231,238.447277
488.667838,238.173453
488.671443,237.899780
488.675046,237.626269
488.678652,237.352575
488.682259,237.078760
488.685871,236.804568
488.689484,236.530316
488.693093,236.256336
488.696702,235.982391
488.701518,235.616772
488.782921,231.368343
488.793262,231.119805
488.804422,230.871288
488.816398,230.622826
488.829183,230.374585
488.842774,230.126636
488.857202,229.878441
488.872471,229.629917
488.888561,229.381425
488.905474,229.132914
488.923219,228.884250
488.941763,228.635950
488.961118,228.387844
488.981315,228.139554
489.002336,227.891274
489.451177,223.921223
489.486240,223.673669
489.522074,223.426571
489.558807,223.179072
489.596337,222.931855
489.634749,222.684348
489.674020,222.436715
489.714055,222.189565
489.754921,221.942485
489.796545,221.695918
489.839015,221.449333
489.882405,221.202314
489.926615,220.955430
489.971636,220.708726
490.017431,220.462417
490.877247,216.478026
490.916904,216.316444
490.997193,215.993907
491.037847,215.832867
491.120211,215.511088
491.182907,215.270024
491.246429,215.029066
491.289258,214.868397
491.376028,214.547155
491.442042,214.306430
491.508816,214.066057
491.576355,213.826014
491.644648,213.586333
491.713759,213.346801
491.783677,213.107447
492.985081,209.379898
493.096334,209.065337
493.180779,208.829490
493.294708,208.515136
493.381128,208.279535
493.468310,208.044270
493.556154,207.809616
493.644788,207.575226
493.704277,207.419218
493.824462,207.107168
493.915554,206.873360
494.007498,206.639662
494.069210,206.484068
494.193640,206.173361
494.287803,205.940851
495.946910,202.126401
496.058396,201.876990
496.169853,201.627645
496.281230,201.378478
496.392485,201.129585
496.503807,200.880541
496.614981,200.631830
496.726241,200.382925
496.837520,200.133977
496.949036,199.884499
497.060564,199.634995
497.172060,199.385562
497.283475,199.136311
497.394761,198.887349
497.506130,198.638199
499.292439,194.641965
499.408667,194.381947
499.486960,194.206794
499.565823,194.030365
499.685636,193.762326
499.766298,193.581874
499.847627,193.399929
499.929809,193.216075
500.012571,193.030925
500.096096,192.844068
500.180261,192.655779
500.265332,192.465463
500.350881,192.274077
500.437145,192.081092
500.524253,191.886218
502.012431,188.556947
502.111349,188.335654
502.211033,188.112645
502.311432,187.888038
502.412510,187.661913
502.463306,187.548275
502.616813,187.204857
502.720116,186.973752
502.824063,186.741208
502.928651,186.507231
503.033916,186.271736
503.139793,186.034875
503.246669,185.795778
503.353907,185.555870
503.462003,185.314044
505.286879,181.231530
505.406984,180.962838
505.527706,180.692765
505.709953,180.285052
505.832509,180.010877
505.893999,179.873315
506.079384,179.458581
506.203976,179.179851
506.266442,179.040105
506.455074,178.618107
506.581794,178.334616
506.709151,178.049700
506.837162,177.763322
506.965893,177.475331
507.030505,177.330785
509.331129,172.183955
509.472641,171.867372
509.686311,171.389360
509.757907,171.229189
509.901577,170.907779
510.045932,170.584836
510.263952,170.097094
510.336906,169.933884
510.556808,169.441931
510.704207,169.112179
510.852425,168.780593
511.001230,168.447696
511.150885,168.112895
511.301201,167.776616
511.376558,167.608032
513.158101,163.622459
518.641761,151.354715
518.810742,150.976679
518.895236,150.787654
518.979766,150.598547
519.064236,150.409577
519.148758,150.220488
519.233159,150.031672
519.317826,149.842258
519.402429,149.652990
519.571709,149.274285
521.023482,146.026457
521.109984,145.832940
521.196635,145.639088
521.283431,145.444913
521.370387,145.250381
521.457481,145.055539
521.544803,144.860186
521.632174,144.664724
521.720056,144.468119
521.807447,144.272613
521.895455,144.075728
521.983447,143.878876
522.071661,143.681529
522.159787,143.484378
522.248029,143.286967
523.674300,140.096192
523.764084,139.895332
523.853922,139.694352
523.943847,139.493176
524.033582,139.292427
524.123726,139.090761
524.213786,138.889283
524.303872,138.687747
524.393937,138.486260
524.483915,138.284965
524.574278,138.082810
524.664436,137.881113
524.754616,137.679368
524.844872,137.477451
524.935045,137.275723
526.378170,134.047240
526.468326,133.845548
526.648622,133.442201
526.738755,133.240560
526.828615,133.039530
526.919238,132.836794
527.009400,132.635087
527.099487,132.433549
527.189776,132.231560
527.279987,132.029745
527.370137,131.828066
527.460407,131.626120
527.550548,131.424461
527.640720,131.222733
527.730882,131.021028
529.171534,127.798079
529.261519,127.596769
529.351442,127.395598
529.441386,127.194381
529.531261,126.993316
529.621148,126.792226
529.710873,126.591498
529.800747,126.390439
529.890610,126.189401
529.980453,125.988410
530.160093,125.586528
530.249895,125.385628
530.339777,125.184549
530.429467,124.983900
530.519237,124.783071
531.956368,121.567999
532.046502,121.366356
532.136717,121.164532
532.226982,120.962597
532.317565,120.759948
532.407832,120.558008
532.498542,120.355076
532.589223,120.152211
532.770884,119.745808
532.861913,119.542163
532.953102,119.338160
533.044219,119.134319
533.135742,118.929569
533.227376,118.724569
533.318896,118.519826
534.809342,115.185480
534.904134,114.973417
534.998887,114.761442
535.093857,114.548980
535.188961,114.336217
535.284191,114.123176
535.379704,113.909498
535.475322,113.695588
535.571142,113.481224
535.668801,113.262747
535.763063,113.051868
535.859391,112.836368
535.955987,112.620270
536.052510,112.404333
536.149471,112.187416
537.921210,108.223779
538.021158,108.000181
538.121347,107.776043
538.221751,107.551425
538.322289,107.326507
538.423027,107.101141
538.523904,106.875465
538.624989,106.649324
538.726216,106.422863
538.827623,106.196001
538.929187,105.968788
539.031122,105.740744
539.132811,105.513252
539.234890,105.284885
539.337119,105.056184
541.094662,101.124304
541.199183,100.890476
541.303576,100.656934
541.408109,100.423079
541.512823,100.188818
541.617347,99.954983
541.722071,99.720698
541.826783,99.486444
541.931651,99.251838
542.036589,99.017076
542.141570,98.782220
542.246645,98.547152
542.351757,98.312001
542.456968,98.076627
542.562305,97.840974
544.360094,93.819057
544.466279,93.581506
544.572031,93.344923
544.677989,93.107881
544.783976,92.870773
544.889981,92.633623
544.995690,92.397138
545.101836,92.159674
545.207853,91.922496
545.313763,91.685561
545.419646,91.448686
545.525609,91.211630
545.631501,90.974736
545.737352,90.737931
545.843050,90.501470
547.640961,86.479280
547.746698,86.242732
547.852328,86.006422
547.958294,85.769361
548.064178,85.532481
548.170134,85.295443
548.276103,85.058376
548.382105,84.821233
548.487974,84.584390
548.594350,84.346411
548.700539,84.108850
548.806907,83.870889
548.913358,83.632744
549.019820,83.394573
549.126491,83.155933
550.959771,79.054619
551.069059,78.810126
551.178572,78.565129
551.288168,78.319948
551.397970,78.074304
551.508014,77.828119
551.617893,77.582305
551.728338,77.335222
551.838834,77.088027
551.949442,76.840581
552.060334,76.592500
552.282453,76.095587
552.393568,75.847006
552.505038,75.597632
552.616511,75.348250
554.416195,71.322095
554.529480,71.068660
554.642844,70.815049
554.756360,70.561097
554.869833,70.307241
554.983207,70.053608
555.096814,69.799452
555.210429,69.545278
555.324116,69.290944
555.437879,69.036440
555.551680,68.781850
555.665494,68.527232
555.779339,68.272544
555.893243,68.017724
556.007092,67.763028
558.171660,62.920573
558.285333,62.666270
558.399321,62.411263
558.512953,62.157050
558.626820,61.902315
558.740342,61.648349
558.854060,61.393946
558.967943,61.139172
559.081415,60.885319
559.195215,60.630732
559.308725,60.376793
559.422558,60.122132
559.535947,59.868464
559.649534,59.614353
559.876856,59.105802
561.691748,55.045623
561.805020,54.792218
561.917894,54.539701
562.032695,54.282876
562.144879,54.031904
562.258052,53.778720
562.371303,53.525360
562.484449,53.272235
562.597712,53.018850
562.710989,52.765434
562.823918,52.512795
562.937168,52.259438
563.050100,52.006792
563.163219,51.753729
563.276492,51.500321
565.423054,46.698150
565.534902,46.447928
565.647283,46.196515
565.760034,45.944275
565.872469,45.692743
565.985821,45.439158
566.096902,45.190652
566.209146,44.939547
566.321175,44.688922
566.433376,44.437910
566.545303,44.187515
566.657011,43.937608
566.769148,43.686740
566.881009,43.436491
566.992862,43.186259
569.226694,38.188853
569.338405,37.938938
569.449995,37.689296
569.561484,37.439879
569.672779,37.190895
569.784434,36.941107
569.895881,36.691783
570.007199,36.442748
570.118568,36.193600
570.230192,35.943881
570.341612,35.694618
570.564357,35.196304
570.675648,34.947330
570.787022,34.698171
570.898539,34.448690
572.658183,30.512111
572.765915,30.271099
572.873226,30.031029
572.979854,29.792486
573.086340,29.554261
573.192233,29.317364
573.297949,29.080861
573.403517,28.844691
573.508308,28.610258
573.613042,28.375952
573.717348,28.142605
573.821031,27.910651
573.924743,27.678633
574.027818,27.448039
574.130530,27.218257
575.725479,23.650124
575.918135,23.219124
576.013963,23.004744
576.109494,22.791027
576.204590,22.578283
576.299342,22.366309
576.393729,22.155150
576.487766,21.944776
576.581403,21.735298
576.674726,21.526519
576.767661,21.318611
576.860216,21.111551
576.952432,20.905252
577.044270,20.699797
577.135728,20.495190
578.549894,17.331495
578.635192,17.140671
578.720093,16.950736
578.804673,16.761518
578.888882,16.573131
578.972771,16.385457
579.139510,16.012438
579.222082,15.827713
579.304651,15.642995
579.386660,15.459528
579.468135,15.277257
579.549621,15.094961
579.630414,14.914215
579.710988,14.733960
579.791363,14.554149
581.749747,10.172959
581.890305,9.858510
582.029485,9.547143
582.167067,9.239352
582.303359,8.934447
582.437960,8.633326
582.571330,8.334959
582.703144,8.040071
582.833566,7.748299
583.026489,7.316701
583.090075,7.174451
583.278739,6.752380
583.402666,6.475139
583.464043,6.337829
583.646140,5.930452
585.387198,2.035451
585.531578,1.712453
585.625921,1.501393
585.718999,1.293164
585.810446,1.088583
585.900686,0.886704
585.989357,0.688335
586.119669,0.396807
586.246705,0.112608
586.372788,-0.169457
586.456681,-0.357138
586.538299,-0.541192
586.615598,-0.716342
586.692326,-0.888455
586.769279,-1.059700
588.061572,-3.734565
588.132909,-3.865394
588.205112,-3.995498
588.278248,-4.125018
588.315140,-4.189519
588.427262,-4.382247
588.503145,-4.509970
588.579921,-4.637061
588.657618,-4.763571
588.736166,-4.889387
588.855744,-5.077073
588.977307,-5.263322
589.059430,-5.386661
589.142470,-5.509418
589.226228,-5.631304
590.726696,-7.542889
590.814245,-7.643547
590.901347,-7.741181
590.988943,-7.836836
591.077143,-7.931071
591.166101,-8.024225
591.255873,-8.116407
591.346430,-8.207603
591.437776,-8.297828
591.530080,-8.387250
591.623155,-8.475688
591.717073,-8.563213
591.811757,-8.649756
591.907272,-8.735378
592.003576,-8.820042
593.643236,-10.038902
593.751375,-10.106297
593.860152,-10.172647
594.024286,-10.270079
594.079319,-10.302037
594.245306,-10.396308
594.356734,-10.457836
594.468549,-10.518185
594.580879,-10.577428
594.683496,-10.632688
594.782521,-10.684943
594.881229,-10.735164
594.980056,-10.783468
595.079064,-10.830032
595.178330,-10.875094
596.818823,-11.426382
596.924220,-11.450260
597.029793,-11.472861
597.135572,-11.494193
597.241544,-11.514256
597.347632,-11.533039
597.454045,-11.550579
597.560586,-11.566843
597.667162,-11.581820
597.774041,-11.595549
597.880887,-11.607987
597.987918,-11.619162
598.095006,-11.629062
598.202159,-11.637688
598.309413,-11.645045
600.020094,-11.590444
600.125964,-11.576358
600.231520,-11.561046
600.337037,-11.544471
600.442210,-11.526678
600.547200,-11.507643
600.651807,-11.487404
600.756173,-11.465937
600.860332,-11.443233
600.964009,-11.419354
601.067444,-11.394250
601.170531,-11.367945
601.273277,-11.340439
601.375605,-11.311754
601.477710,-11.281837
602.999803,-10.671244
603.140242,-10.597976
603.233142,-10.547775
603.325392,-10.496527
603.416984,-10.444240
603.508037,-10.390845
603.598327,-10.336475
603.687905,-10.281103
603.776860,-10.224676
603.865092,-10.167259
603.952659,-10.108815
604.039529,-10.049365
604.125525,-9.989035
604.210881,-9.927663
604.253286,-9.896611
605.581137,-8.697706
605.661017,-8.607819
605.740825,-8.516387
605.820009,-8.424003
605.937204,-8.284068
606.014327,-8.189801
606.090500,-8.094925
606.203069,-7.951363
606.276981,-7.854835
606.349879,-7.757794
606.422021,-7.659899
606.493160,-7.561482
606.563356,-7.462464
606.632618,-7.362836
606.700867,-7.262717
608.012488,-4.884561
608.125933,-4.633980
608.235901,-4.381973
608.316034,-4.192181
608.394226,-4.001562
608.470314,-3.810530
608.545616,-3.614331
608.624569,-3.401007
608.703267,-3.184383
608.780711,-2.966764
608.856664,-2.748681
608.931067,-2.530289
609.003967,-2.311448
609.075386,-2.092095
609.145141,-1.872808
610.160187,1.953602
610.222482,2.223165
610.285305,2.494180
610.348253,2.765567
610.411160,3.036745
610.473986,3.307572
610.536817,3.578418
610.599611,3.849105
610.662384,4.119699
610.725103,4.390062
610.787803,4.660342
610.871351,5.020494
610.933960,5.290380
610.996545,5.560167
611.059089,5.829775
612.079307,10.227628
612.141566,10.496008
612.203785,10.764213
612.265963,11.032245
612.348857,11.389573
612.411122,11.657979
612.473574,11.927191
612.536283,12.197512
612.599359,12.469412
612.662869,12.743185
612.726928,13.019326
612.769987,13.204938
612.813315,13.391712
612.857026,13.580137
612.901101,13.770133
613.684187,17.145780
613.734814,17.364016
613.760225,17.473558
613.836964,17.804353
613.888419,18.026162
613.940088,18.248890
613.991972,18.472546
614.044092,18.697222
614.096422,18.922799
614.148911,19.149066
614.201483,19.375687
614.254303,19.603377
614.307219,19.831481
614.360308,20.060334
614.413399,20.289192
615.288138,24.073043
615.333808,24.282153
615.378882,24.491340
615.423342,24.700520
615.488922,25.014459
615.531888,25.223791
615.574267,25.433231
615.616111,25.643040
615.657270,25.852465
615.697823,26.061892
615.737802,26.271484
615.777185,26.481125
615.815966,26.690780
615.854157,26.900514
615.891757,27.110315
616.439806,30.680303
616.479941,30.995542
616.518744,31.310780
616.543878,31.520965
616.568417,31.731107
616.580452,31.836056
616.615716,32.151279
616.649660,32.466528
616.671552,32.676671
616.692876,32.886992
616.713576,33.096950
616.733724,33.307245
616.753270,33.517376
616.772227,33.727451
616.790599,33.937529
617.009551,37.399826
617.017754,37.609616
617.025366,37.819024
617.032405,38.028508
617.038861,38.237702
617.047474,38.551719
617.052501,38.761155
617.056949,38.970369
617.060822,39.179547
617.064121,39.388613
617.066847,39.597586
617.069001,39.806635
617.070582,40.015540
617.071592,40.224430
617.072031,40.433151
617.001831,43.763394
616.992641,43.970944
616.982909,44.177992
616.972595,44.385411
616.961730,44.592543
616.950316,44.799412
616.938324,45.006537
616.925782,45.213407
616.912686,45.420130
616.899040,45.626650
616.884826,45.833258
616.870057,46.039740
616.854738,46.246062
616.838863,46.452287
616.822438,46.658374
613.707062,63.282291
613.648234,63.512592
613.589670,63.744962
613.531628,63.978096
613.474184,64.211549
613.417325,64.445325
613.361092,64.679229
613.305515,64.913127
613.250585,65.147042
613.196295,65.380999
613.142580,65.615281
613.089587,65.849246
612.327077,69.602805
612.284789,69.837738
612.243138,70.072656
612.202083,70.307796
612.161682,70.542822
612.121895,70.777957
612.082755,71.013009
612.044223,71.248200
612.006329,71.483348
611.969043,71.718642
611.932419,71.953727
611.896405,72.188939
611.861054,72.423909
611.827421,72.654921
611.796082,72.875796
611.273710,76.539667
611.243086,76.754385
611.212472,76.969036
611.181868,77.183619
611.151275,77.398118
611.120678,77.612653
611.090115,77.826943
611.059539,78.041328
611.028985,78.255555
610.998455,78.469618
610.967924,78.683690
610.937385,78.897813
610.906823,79.112099
610.876256,79.326421
610.845670,79.540874
610.357149,82.966141
610.326708,83.179583
610.296252,83.393122
610.265843,83.606333
610.235430,83.819574
610.205020,84.032793
610.174609,84.246026
610.144171,84.459440
610.113666,84.673328
610.083162,84.887202
610.052517,85.102069
610.021846,85.317123
609.991038,85.533132
609.960103,85.750036
609.913429,86.077289
609.367486,89.905175
609.332284,90.151991
609.279030,90.525381
609.243255,90.776221
609.207178,91.029172
609.170896,91.283566
609.134382,91.539588
609.097575,91.797656
609.060551,92.057250
609.023317,92.318317
608.985824,92.581200
608.929121,92.978774
608.891004,93.246033
608.852655,93.514920
608.814038,93.785681
608.142302,98.495562
608.077977,98.946582
608.013138,99.401196
607.969549,99.706826
607.903781,100.167955
607.859619,100.477600
607.815220,100.788900
607.770595,101.101793
597.328000,177.931000
589.528888,229.003691
589.483678,229.320682
589.438411,229.638072
589.393083,229.955893
589.347755,230.273711
589.302394,230.591757
589.256969,230.910258
589.211523,231.228903
589.166049,231.547745
589.120575,231.866586
588.375742,237.012373
588.327864,237.310685
588.279245,237.609269
588.229929,237.907806
588.179894,238.206389
588.129139,238.504986
588.077685,238.803445
588.025475,239.102076
587.972512,239.400836
587.918815,239.699602
587.864359,239.998488
587.809119,240.297619
587.753204,240.596400
587.696512,240.895377
587.639070,241.194399
586.550402,246.268975
586.479845,246.566631
586.408502,246.864461
586.336628,247.161402
586.263785,247.459271
586.190405,247.756292
586.116337,248.053089
586.041408,248.350351
585.966005,248.646546
585.889733,248.943238
585.812709,249.239957
585.735044,249.536281
585.656670,249.832467
585.577629,250.128363
585.417451,250.719648
584.037232,255.420304
583.945201,255.712186
583.852381,256.004194
583.759223,256.294915
583.665135,256.586210
583.570438,256.877068
583.475004,257.167890
583.379026,257.458083
583.282312,257.748235
583.184896,258.038240
583.087055,258.327279
582.988156,258.617222
582.889018,258.905666
582.688151,259.483522
582.586768,259.771930
580.802155,264.449201
580.678184,264.748776
580.553691,265.048200
580.428977,265.347017
580.303610,265.646494
580.178038,265.945735
580.052522,266.244276
579.926622,266.543290
579.801017,266.841270
579.549686,267.436836
579.424014,267.734414
579.298415,268.031735
579.172870,268.328877
579.047335,268.625966
578.921947,268.922700
576.797389,273.953924
576.672730,274.249301
576.548062,274.544709
576.423466,274.839951
576.298987,275.134924
576.174276,275.430451
576.049718,275.725617
575.925190,276.020718
575.800645,276.315861
575.676141,276.610911
575.551658,276.905911
575.427177,277.200910
575.302743,277.495795
575.178563,277.790083
575.054282,278.084608
572.445819,284.266276
572.321796,284.560191
572.197809,284.854021
572.073844,285.147801
571.949929,285.441461
571.825955,285.735260
571.702059,286.028875
571.578154,286.322511
571.454258,286.616124
571.330375,286.909709
571.206549,287.203159
571.082746,287.496552
570.958932,287.789972
570.835148,288.083321
570.711376,288.376642
568.239770,294.233972
568.116381,294.526384
567.993031,294.818704
567.869618,295.111176
567.746304,295.403410
567.622997,295.695629
567.499672,295.987890
567.376407,296.280009
567.129887,296.864225
567.006661,297.156252
566.883456,297.448228
566.760281,297.740134
566.637083,298.032095
566.513947,298.323908
566.390832,298.615672
564.299994,303.570639
564.177155,303.861747
564.054391,304.152680
563.931595,304.443688
563.808813,304.734661
563.686094,305.025488
563.563331,305.316417
563.440650,305.607151
563.317991,305.897836
563.195267,306.188673
563.072634,306.479293
562.950020,306.769872
562.827426,307.060400
562.582312,307.641282
562.337328,308.221856
559.890190,314.021200
559.768014,314.310739
559.645792,314.600387
559.523732,314.889649
559.401409,315.179537
559.278544,315.470707
559.157220,315.758228
559.035220,316.047348
558.913078,316.336805
558.791080,316.625924
558.669084,316.915035
558.547103,317.204110
558.425173,317.493068
558.303146,317.782252
558.181236,318.071160
555.989344,323.265609
555.867757,323.553752
555.624598,324.130002
555.381574,324.705932
555.260011,324.994017
555.138522,325.281928
555.017035,325.569833
554.895572,325.857681
554.774124,326.145495
554.652760,326.433109
554.531376,326.720770
554.409912,327.008622
554.288549,327.296234
554.167230,327.583742
554.045847,327.871400
551.864554,333.040732
551.743451,333.327728
551.622328,333.614771
551.380148,334.188700
551.259034,334.475722
551.137929,334.762722
551.016879,335.049592
550.895754,335.336640
550.774774,335.623344
550.653803,335.910027
550.532806,336.196772
550.411829,336.483467
550.290868,336.770128
550.169871,337.056870
550.049161,337.342935
547.873238,342.499541
547.752488,342.785701
547.631692,343.071968
547.511210,343.357492
547.390288,343.644059
547.269559,343.930168
547.148900,344.216112
547.028235,344.502070
546.907616,344.787918
546.787018,345.073717
546.666345,345.359693
546.545747,345.645492
546.425167,345.931249
546.304598,346.216977
546.184093,346.502556
544.015042,351.641348
543.890813,351.933259
543.765432,352.227436
543.638742,352.524668
543.511593,352.823330
543.384259,353.123091
543.128713,353.727730
543.001446,354.030809
542.874073,354.335688
542.747344,354.640724
542.621139,354.946330
542.495502,355.252503
542.370527,355.559101
542.246244,355.866089
542.122696,356.173392
540.037096,361.739412
539.929063,362.050271
539.822040,362.360747
536.203962,374.898479
536.129902,375.214600
535.984205,375.847008
534.873321,381.242549
534.815092,381.560938
534.757675,381.879321
534.701038,382.197865
534.645251,382.516171
534.590171,382.835059
534.535930,383.153768
534.482467,383.472653
534.429821,383.791477
534.377975,384.110336
534.326877,384.429550
534.276696,384.748065
534.227114,385.067897
534.178512,385.386594
534.130538,385.706444
533.437701,391.145594
533.404114,391.465859
533.371343,391.785948
533.308089,392.427199
533.277661,392.747821
533.248042,393.068345
533.219256,393.388462
533.191171,393.709677
533.163940,394.030253
533.137536,394.350477
533.087007,394.992297
533.039709,395.633585
533.017231,395.954573
532.995568,396.275297
532.974698,396.596078
532.741685,402.049047
532.735142,402.369640
532.729394,402.690170
532.724431,403.011367
532.720281,403.331387
532.716917,403.651994
532.714354,403.971857
532.711599,404.613719
532.712030,405.253810
532.713438,405.574253
532.715639,405.894353
532.718637,406.214771
532.722427,406.534812
532.727014,406.854977
532.732393,407.175004
532.964047,412.902307
532.984369,413.218429
533.005559,413.535717
533.027440,413.851450
533.050181,414.168137
533.097921,414.799701
533.122876,415.114108
533.148669,415.429073
533.175290,415.744417
533.202632,416.058848
533.230685,416.372330
533.289318,417.000770
533.319810,417.314740
533.383136,417.942118
533.415964,418.255494
534.152230,423.869186
534.193321,424.160876
534.234561,424.453420
534.275788,424.745740
534.317009,425.037931
534.358251,425.330218
534.399424,425.621988
534.440732,425.914714
534.481979,426.207009
534.523213,426.499231
534.564365,426.790895
534.605679,427.083737
534.646896,427.375914
534.688117,427.668154
534.729333,427.960377
535.510943,433.504905
535.552044,433.796519
535.593108,434.087869
535.634145,434.374760
535.675038,434.657910
535.715725,434.938153
535.756134,435.216059
535.796159,435.491778
535.835819,435.766180
535.875042,436.039412
535.913753,436.311490
535.951982,436.583076
535.989642,436.853955
536.026718,437.124354
536.063213,437.394585
536.628327,442.524696
536.651115,442.795438
536.673195,443.066199
536.694595,443.337324
536.715283,443.608436
536.735286,443.879874
536.773115,444.422082
536.790984,444.693453
536.824609,445.236366
536.840368,445.507960
536.855417,445.779529
536.869769,446.051297
536.883408,446.322948
536.896340,446.594623
536.908571,446.866382
537.007114,452.033076
537.005264,452.304960
537.002711,452.576803
536.999455,452.848583
536.995498,453.120376
536.990841,453.391951
536.979414,453.935459
536.972651,454.207017
536.965186,454.478594
536.957033,454.749670
536.948151,455.021634
536.938586,455.293008
536.928336,455.563899
536.905707,456.106381
536.893325,456.377940
536.525812,461.516005
536.499554,461.785092
536.472616,462.053957
536.444886,462.323709
536.416467,462.593297
536.387500,462.861406
536.357687,463.130844
536.327254,463.399504
536.296100,463.668314
536.264271,463.936868
536.231774,464.205108
536.198542,464.473601
536.164639,464.741814
536.130044,465.009917
536.094768,465.277825
535.437050,469.544883
535.390043,469.810774
535.342440,470.076007
535.294143,470.341149
535.245176,470.606068
535.195528,470.870823
535.145199,471.135413
535.094189,471.399842
534.990148,471.928106
534.883385,472.455711
534.829014,472.719123
534.773925,472.982551
534.718170,473.245744
534.661757,473.508673
534.604660,473.771458
533.392387,478.726012
533.321982,478.984394
533.250858,479.242760
533.179043,479.501002
533.106597,479.758904
533.033615,480.016139
532.959693,480.274124
532.885317,480.531155
532.734420,481.045089
532.658027,481.301554
532.581117,481.557312
532.424850,482.069685
532.345726,482.325520
532.266251,482.580132
532.185929,482.835116
530.628725,487.381435
530.536225,487.631058
530.442781,487.881219
530.254506,488.379267
530.159151,488.628547
530.063207,488.877405
529.967054,489.124870
529.869812,489.373213
529.772064,489.620928
529.673723,489.868246
529.574706,490.115372
529.475101,490.362091
529.374860,490.608519
529.273968,490.854697
529.172463,491.100528
527.238653,495.471597
527.125354,495.711316
527.011413,495.950759
526.896904,496.189772
526.781725,496.428570
526.666204,496.666473
526.549854,496.904487
526.432912,497.142127
526.315323,497.379499
526.197160,497.616460
526.078370,497.853115
525.958984,498.089401
525.839012,498.325300
525.718410,498.560900
525.475444,499.030949
523.446043,502.738585
523.313943,502.967561
523.181474,503.195781
523.048543,503.423406
522.914915,503.650842
522.646064,504.104302
522.510757,504.330469
522.238370,504.781691
522.101352,505.006646
521.963721,505.231266
521.825786,505.455051
521.547526,505.902512
521.407576,506.125580
521.267104,506.348167
521.126265,506.570032
518.340747,510.711328
518.188472,510.925228
518.035712,511.138607
517.882464,511.351467
517.728731,511.563810
517.574445,511.775728
517.419672,511.987131
517.264263,512.198224
516.952012,512.618832
516.795064,512.828490
516.637596,513.037682
516.479560,513.246470
516.161912,513.662664
516.002326,513.870038
515.842138,514.077051
513.209650,517.324425
513.040808,517.523311
512.871456,517.721723
512.701363,517.919928
512.531200,518.117147
512.360319,518.314133
512.188964,518.510602
512.017077,518.706623
511.844727,518.902115
511.672181,519.096780
511.498504,519.291671
511.324694,519.485663
511.150365,519.679190
510.975532,519.872237
510.800387,520.064593
507.930273,523.076282
507.746965,523.260065
507.562968,523.443553
507.378728,523.626299
507.193668,523.808878
507.008714,523.990375
506.823092,524.171554
506.636952,524.352265
506.450684,524.532134
506.075885,524.891156
505.887912,525.069769
505.699514,525.247827
505.510624,525.425392
505.132020,525.778435
504.751033,526.129897
501.444945,529.027113
501.246556,529.192645
501.047862,529.357525
500.848663,529.521921
500.649278,529.685569
500.449738,529.848447
500.249043,530.011370
500.048358,530.173388
499.847250,530.334855
499.645630,530.495840
499.444043,530.655911
499.241345,530.815977
499.038693,530.975120
498.835819,531.133554
498.631936,531.291893
495.323350,533.741827
495.113281,533.890029
494.902865,534.037625
494.692251,534.184511
494.481134,534.330901
494.270060,534.476418
494.057910,534.621832
493.845710,534.766436
493.633240,534.910384
493.420466,535.053698
493.207071,535.196594
492.779670,535.480285
492.565378,535.621272
492.350770,535.761636
492.135726,535.901455
488.430566,538.183886
488.209632,538.312647
487.988479,538.440730
487.767375,538.567986
487.545142,538.695089
487.323024,538.821325
487.100631,538.946919
486.877828,539.071947
486.654818,539.196295
486.431459,539.320043
486.207960,539.443075
485.983961,539.565589
485.759789,539.687408
485.535612,539.808440
485.310843,539.929004
481.215666,541.991065
480.985729,542.099471
480.524855,542.314455
480.298485,542.420107
480.075327,542.524491
479.854737,542.627734
479.636434,542.729825
479.418720,542.831441
479.202295,542.932153
478.986504,543.032185
478.771655,543.131324
478.555965,543.230337
478.340547,543.328658
478.124970,543.426444
477.909192,543.523679
474.154191,545.100376
473.927714,545.188381
473.700790,545.275770
473.473246,545.362609
473.245198,545.448852
473.016580,545.534523
472.787493,545.619585
472.557882,545.704058
472.327726,545.787949
472.097207,545.871191
471.866149,545.953849
471.634540,546.035926
471.402573,546.117354
471.170144,546.198170
470.937300,546.278357
467.160095,547.474631
466.921399,547.543807
466.682182,547.612389
466.442711,547.680300
466.203148,547.747495
465.963235,547.814048
465.723070,547.879930
465.482802,547.945103
465.242001,548.009683
465.001046,548.073568
464.759965,548.136751
464.518556,548.199286
464.276968,548.261134
464.034810,548.322396
463.792736,548.382905
459.650539,549.307021
459.405403,549.355228
459.160001,549.402772
458.914736,549.449576
458.669183,549.495723
458.423428,549.541194
458.177696,549.585949
457.931751,549.630031
457.685665,549.673428
457.439643,549.716103
457.193328,549.758120
456.946976,549.799434
456.700461,549.840067
456.453704,549.880031
456.207254,549.919237
451.753320,550.507150
451.505329,550.533215
451.257128,550.558603
451.009161,550.583268
450.760924,550.607262
450.512719,550.630553
450.264367,550.653160
450.016744,550.675003
449.768001,550.696249
449.519780,550.716752
449.271462,550.736565
449.023197,550.755679
448.774607,550.774120
448.526330,550.791841
448.277917,550.808876
444.302568,550.986964
444.054274,550.992189
443.805956,550.996722
443.557531,551.000564
443.309339,551.003709
443.061074,551.006161
442.812798,551.007921
442.564614,551.008987
442.316428,551.009359
442.068256,551.009039
441.819648,551.008024
441.572429,551.006322
441.324071,551.003921
441.076016,551.000829
440.828192,550.997047
436.869293,550.842518
436.622445,550.826995
436.375599,550.810778
418.953713,547.857776
415.213601,546.732993
414.982012,546.657222
414.750545,546.580764
414.519359,546.503673
414.288420,546.425935
414.057712,546.347547
413.827314,546.268535
413.597287,546.188921
413.367300,546.108589
413.137699,546.027662
412.908377,545.946100
412.678800,545.863714
412.449997,545.780870
412.221626,545.697449
411.993430,545.613359